bacru	x1 は x2 (声 / 音)を発する	はっする,はっせい
badna	x1 は x2 (種類)のバショウ科植物(バナナ等)	ばしょう,ばなな
badri	x1 は x2 (事)について悲しい / 落胆している; x2 は x1 を悲しませる	かなしい,らくたん
bajra	x1 は x2 (表面)を x3 (肢)・ x4 (調子)で走る	かける,そうこう,はしる
bakfu	x1 は x2 (内容)を x3 で結んだ束 / パッケージ / まとまり	たば,ぱっけーじ,まとまり
bakni	x1 は x2 (種類)のウシ属動物	うし
bakri	x1 は x2 (起源)・ x3 (形状)のチョーク	ちょーく
baktu	x1 は x2 (内容)・ x3 (素材)のバケツ / 桶 / 槽	おけ,ばけつ,ふね
balji	x1 は x2 (植物種)の球根 / 球茎 / 鱗茎	きゅうけい,きゅうこん,りんけい
balni	x1 は x2 (構造体)のバルコニー / さじき / ベランダ / 張り出し	さじき,はりだし,ばるこにー,べらんだ
balre	x1 は x2 (武器 / 道具)の刃	は
balvi	x1 は x2 よりも未来 / 後発; x1 は後者; x2 は前者	いご,みらい
bancu	x1 は x2 (境界 / 限度)を x3 (照合点)について x4 (性質 / 数量)だけ越している / 超えている	こえる,ちょうえつ
bandu	x1 は x2 (物 / 状態)を x3 (危険 / 脅威 / 可能性)から保護 / 守護する; x1 は x3 にたいして防御する	しゅご,ほご,ぼうぎょ,まもる
banfi	x1 は x2 (種類)の両生綱 / 両生類動物	りょうせいこう,りょうせいるい
bangu	x1 は x2 (使用者)が x3 (概念 / 命題 / 文字列)を表すのに用いる言語; x2 は x1 語を話す	げんご
banli	x1 は x2 (性質)に関して x3 (基準)で偉大 / 壮大 / 尊大	いだい,えらい,そうだい,そんだい
banro	x1 は x2 (結果)に x3 (始原)から育つ / 育成する / 成長する	いくせい,せいちょう,そだつ
banxa	x1 は x2 (金融体系)・ x3 (機能)の銀行	ぎんこう
banzu	x1 は x2 (目的)に関して x3 (条件)において足りる / 充分	じゅうぶん,たりる
bapli	x1 (性質 / 力)は x2 (事)を引き起こす / もたらす	ちから
barda	x1 は x2 (性質)に関して、 x3 (比較対象)の中で大きい	おおきい
bargu	x1 は x2 に掛かる / を縁取る x3 (素材)のアーチ	あーち
barja	x1 は x2 (品)を x3 (客)に提供する酒場 / 居酒屋 / バー / パブ	いざかや,さかば,ばー,ぱぶ
barna	x1 は x2 上にある材質 x3 の斑点 / 染み / つぎあて / 印	しみ,しるし,つぎあて,はんてん
bartu	x1 は x2 の外 / 外部 / 外側	がいぶ,そと
basna	x1 は x2 (対象)を x3 で強調する	きょうちょう,きわだたせる
basti	x1 は x2 (対象)と、 x3 (状況)において交替する; x2 を x1 が代理する	かわる,こうたい
batci	x1 は x2 (対象本体)・ x3 (対象箇所)を x4 で噛む	かむ,そしゃく
batke	x1 は x2 (本体 / 機材)・ x3 (用途)・ x4 (素材)のボタン / ノブ / スイッチ / つまみ / 取っ手	すいっち,つまみ,とって,のぶ,ぼたん
bavmi	x1 は x2 (品種)のオオムギ粒	おおむぎ
baxso	x1 は x2 (性質面)に関してマレー・インドネシア系(言語 / 文化 / 民族 / 地理)	いんどねしあ,ばはさ,まれー
bebna	x1 は x2 (性質)に関して愚か / ばかげている / 思慮が無い; x1 は阿呆 / 馬鹿	あほ,おろか,ばか
bemro	x1 は x2 (性質面)に関して北アメリカ系(言語 / 文化 / 民族 / 地理)	きたあめりか,ほくべい
bende	x1 は x2 (者達)・ x3 (引率者)からなる、 x4 (目的)のための仲間 / チーム / 乗組員 / バンド / 班	ちーむ,なかま,はん,ばんど
bengo	x1 は x2 (性質面)に関してベンガル / バングラデシュ系(言語 / 文化 / 民族 / 地理)	ばんぐらでしゅ,べんがる
benji	x1 は x2 を x3 (受け手)に x4 (起源 / 送信元)から x5 (方法 / 媒体)によって送る / 届ける	おくる,そうふ,とどける
bersa	x1 は x2 (親)の息子	むすこ
berti	x1 は x2 にたいして x3 (照合枠)で北方 / 北側	きた,きたがわ,ほっぽう
besna	x1 は x2 (本体)の脳	のう
betfu	x1 は x2 (本体)の腹 / 胴部	どうぶ,はら
betri	x1 は x2 にとって悲劇 / 災難 / 惨事	さいなん,さんじ,ひげき
bevri	x1 は x2 (荷)を x3 (終点)に x4 (始点)から x5 (道筋)を通って運ぶ	うんぱん,はこぶ
bidju	x1 は x2 (素材)の数珠 / ビーズ	じゅず,びーず
bifce	x1 は x2 (種類)のハチ目昆虫	はち
bikla	x1 はビュッと動く / パチッとする	むち
bilga	x1 は x2 (行為)を x3 (協定 / 契約 / 常識)のために遂行する義務を負っている; x1 は x2 をしなければならない	ぎむ,つとめ
bilma	x1 は x2 (症状)の x3 (病)を患っている	びょうき,やまい,わずらう
bilni	x1 は x2 (体系)・ x3 (目的)のために訓練されている編制組織	ぐんじそしき,へんせいそしき
bindo	x1 は x2 (性質面)に関してインドネシア系(言語 / 文化 / 民族 / 地理)	いんどねしあ
binra	x1 は x2 (者)を x3 (危険 / 損害)にたいして x4 (特典)で保証 / 保障 / 補償する	つぐなう,ほしょう
binxo	x1 は x2 に x3 (条件)の下で成る / 変身する	なる,へんしん
birje	x1 は x2 (起源)の発泡酒 / ビール / エール	えーる,はっぽうしゅ,びーる
birka	x1 は x2 (本体)の腕	うで
birti	x1 は x2 (命題)が真であると確信している	かくしん
bisli	x1 は x2 (成分)の氷 / 氷結物	こおり,ひょうけつぶつ
bitmu	x1 は x2 ・ x3 を隔てる、 x4 (構造体)の壁 / 垣 / 塀 / フェンス	かべ,がき,さく,ふぇんす,へい
blabi	x1 は白色	しろ,はくしょく
blaci	x1 は x2 (成分)のガラス	がらす,しょうし
blanu	x1 は青色	あお,あおいろ,せいしょく
bliku	x1 は材質 x2 ・表面 x3 (面の数 / 面の大きさ / 面の形)のブロック(3次元の形)	かたまり,ぶろっく
bloti	x1 は x2 (客 / 荷)・ x3 (原動力)の船 / ボート	せんぱく,ふね,ぼーと
bolci	x1 は x2 (素材)の球体 / ボール; x1 は丸い	きゅうたい,たま,ぼーる
bongu	x1 は x2 (機能)・ x3 (肉体)の骨	こつ,ほね
botpi	x1 は x2 (内容)・ x3 (素材)・ x4 (栓 / 蓋)の瓶 / ボトル / 水筒	かめ,すいとう,ぼとる
boxfo	x1 は材質 x2 のシート状のもの;3次元空間内の、ほぼ2次元の柔軟な物体;枚	しーつ
boxna	x1 は x2 (媒体)・ x3 (波形)・ x4 (波長)・ x5 (周波数)の波 / 周期的形態	なみ
bradi	x1 は x2 の、 x3 (抗争)における敵 / 敵対者 / 対抗者 / 相手 / 試合相手	たいこうしゃ,てき
bratu	x1 は x2 (成分)のひょう / あられ / みぞれ	あられ,ひょう,みぞれ
brazo	x1 は x2 (性質面)に関してブラジル系(言語 / 文化 / 民族 / 地理)	ぶらじる
bredi	x1 は x2 (事)に向けて準備できている / 用意が整っている / 覚悟している	じゅんびばんたん,ととのっている
bridi	x1 (du'u)は x2 (関係)を x3 (項の列 / 集合)について賓述を表す関係性 / 命題	めいだい
brife	x1 は x2 (起源)・ x3 (速度)の風; x1 は x2 から吹く; x2 は x1 を吹く	かぜ
briju	x1 は x2 (従業員)・ x3 (所)の職場 / 事務所 / 営業所 / 局	えいぎょうしょ,しょくば,じぎょうしょ,じむしょ
brito	x1 は x2 (性質面)に関して英国 / イギリス系(言語 / 文化 / 民族 / 地理)	いぎりす,ぶりてん
broda	代ブリディその1[x1 を始めとするPS全体が文脈次第]	へんすう
brode	代ブリディその2[x1 を始めとするPS全体が文脈次第]	へんすう
brodi	代ブリディその3[x1 を始めとするPS全体が文脈次第]	へんすう
brodo	代ブリディその4[x1 を始めとするPS全体が文脈次第]	へんすう
brodu	代ブリディその5[x1 を始めとするPS全体が文脈次第]	へんすう
bruna	x1 は x2 の、 x3 (血縁関係)による兄 / 弟	きょうだい
budjo	x1 は x2 (性質面)に関して仏教系	ぶっきょう
bukpu	x1 は x2 (素材 / 種類)の布 / 織物	おりもの,ぬの
bumru	x1 は x2 (液体成分)の霧 / 水蒸気 / もや; x1 は霧っぽい / もやもやしている / かすんでいる	きり,すいじょうき,もや
bunda	x1 は x2 (数)・ x3 (単位系)・ x4 (下位単位)の非メートル法 / 土着の質量 / 貫 / パウンド	かん,ぱうんど
bunre	x1 は茶色 / 黄褐色 / 小麦色	おうかっしょく,こむぎいろ,ちゃいろ
burcu	x1 は x2 (用途)・ x3 (毛状物)のブラシ / はけ / モップ / 毛筆	はけ,ぶらし,もうひつ,もっぷ
burna	x1 は x2 (状況)においてどぎまぎする / 緊張する / 落ち着かない / きまりの悪さを感じる / 当惑する	とうわく,どぎまぎ,まごつく
cabna	x1 は x2 と同時; x1 は現在 / 今	いま,げんざい
cabra	x1 は x2 (機能)・ x3 (操縦者)の装置 / デバイス	そうち,でばいす
cacra	x1 の継続時間は x2 (数)時間、 x3 (基準)で; x1 は x2 (数)時間かかる	じかん
cadzu	x1 は x2 (表面)を x3 (肢)で歩く	あるく,ほこう
cafne	x1 (事)は x2 (基準)において頻繁 / しょっちゅう / 頻発する / よくある	しきり,ひんぱつ,ひんぱん
cakla	x1 はチョコレート / ココア	ここあ,ちょこれーと
calku	x1 は x2 を覆う、 x3 (成分)の殻	かく,から
canci	x1 は地点 x2 において感覚器 / センサー x3 の視界から消える	きえる,しょうしつ
cando	x1 は無動作 / 怠惰 / 怠けている / アイドリング状態	ていしちゅう,むどうさ
cange	x1 は x2 (所)・ x3 (責任者)・ x4 (作物)の田畑 / 農場 / 農園 / 養殖場 / 飼育場 / 牧場	しいくじょう,のうえん,のうじょう,ぼくじょう,ようしょくじょう
canja	x1 は x2 (差し出す対象)を x3 (受け取る対象)と、 x4 と交換する; x1 ・ x4 は貿易業者 / 投機家 / 相場師 / 物々交換する者	かえる,こうかん
canko	x1 は x2 (壁 / 建物 / 構造)の窓 / 門 / 入口 / 出口 / 玄関	いりぐち,げんかん,でぐち,まど,もん
canlu	x1 は x2 (内容)が占める空間(三次元的広がり); x2 は x1 を占める	くうかん
canpa	x1 は x2 (用途 / 掘る対象)のシャベル	しゃべる
canre	x1 は x2 (起源)・ x3 (成分)の砂 / 砂利	じゃり,すな
canti	x1 は x2 (本体)の消化器官 / 胃腸	い,しょうかきかん,ちょう
carce	x1 は x2 (荷)を運ぶ、 x3 (原動力)による荷車 / 小型運搬車 / 手押し車 / 農耕車 / ショッピングカート	にぐるま
carmi	x1 は x2 (性質)に関して x3 (観点)で激しい / 強烈 / 激烈 / 猛烈 / 熱烈	きょうれつ,げきれつ,ねつれつ,はげしい,もうれつ
carna	x1 は x2 を軸として x3 の向きに回る / 回転する / 周回する / 旋回する	かいてん,しゅうかい,せんかい,まわる
cartu	x1 は x2 に関する、 x3 (特性)の図表 / 見取り図 / 図式 / 地図 / ダイヤグラム / グラフ / 予定表	ず,ひょう
carvi	x1 は x2 (終点)に x3 (始点)から降る / 降り注ぐ; x1 はシャワー状	ふる
casnu	x1 (群)は x2 (題目)について話し合う / 検討 / 討議 / 論議 / 談議 / 談合する	ぎする,けんとう,だんぎ,だんごう,とうぎ,はなしあう,ろんぎ
catke	x1 は x2 (対象本体)・ x3 (対象箇所)を押す	おす
catlu	x1 は x2 を見る / 見つめる / 見入る	みる
catni	x1 は x2 (事項 / 領域 / 者)にたいして x3 (基盤)による権威 / 権限を有する; x1 は公務員 / 役人 / 政府高官	けんい,けんげん,つかさどる
catra	x1 は x2 を x3 (動作 / 方法)で殺す	ころす,さつがい
caxno	x1 は x2 (方向 / 性質)に関して x3 (照合枠)・ x4 (基準)で浅い / 浅はか / 薄い	あさい,うすい
cecla	x1 は x2 を x3 (原動力)で発射する;	いる,うつ,はっしゃ
cecmu	x1 は x2 (有機体)の共同体 / 社会 / コミュニティ / 群落 / 集団営巣地 / 植民地	きょうどうたい,ぐんらく,むれ
cedra	x1 は x2 (事 / 物 / 性質 / 間隔)を特徴とする時代 / 時期 / 年代	じき,じだい,ねんだい
cenba	x1 は x2 (性質)に関して x3 (数量 / 度合)ほど x4 (環境条件)において変化 / 変質 / 変身する / 変わる	かわる,へんか,へんしつ,へんしん
censa	x1 は x2 (者 / 文化 / 宗教 / グループ)にとって神聖 / 冒すことができない; x2 は x1 を神聖視する	こうごうしい,しんせい
centi	x1 は x2 の、 x3 (性質)におけるセンチ / 百分の一 [1 x1 0**-2]	せんち
cerda	x1 は x2 (物 / 性質)を x3 から、 x4 (原則)によって継承 / 相続する / 受け継ぐ; x1 は継承者 / 相続人	うけつぐ,けいしょう,そうぞく,つぐ
cerni	x1 は x2 (日)・ x3 (所)の朝	あさ
certu	x1 は x2 (事 / 行為)の、 x3 (基準)における玄人 / 達人 / プロ / ベテラン	くろうと,たつじん,ぷろ,べてらん
cevni	x1 は x2 (者 / 宗教)の、 x3 (領域)をつかさどる神 / 神性 / 仏; x2 は x1 を崇拝する / 崇める; x1 は神がかり	かみ,ほとけ
cfari	x1 (事 / 状態)は始まる / 開始する	かいし,はじまる
cfika	x1 は x2 (内容)・ x3 (著者)のフィクション作品	きょこう,つくりばなし,ふぃくしょん
cfila	x1 (性質)は x2 の、 x3 (問題 / 厄介 / 危険)をもたらす欠陥 / 欠点 / 弱点 / 不備 / 短所 / 落度 / 過失	おちど,かしつ,けっかん,けってん,じゃくてん,たんしょ,ふび
cfine	x1 は材質 x2 でできている楔 / 楔形	くさび
cfipu	x1 (事)は x2 (観者)にとって x3 (性質)の点で紛らわしい / 混乱をまねく	まぎらわしい
ciblu	x1 は x2 (生体)の血 / 血液	けつえき,ち
cicna	x1 は青緑色 / シアン / ターコイズ	しあん,たーこいず,らんししょく
cidja	x1 は x2 (摂食者)のための食べ物 / 食糧 / 餌; x1 は x2 に栄養価を与える; x1 は食用	えさ,しょくもつ,しょくりょう,たべもの
cidni	x1 は x2 (肢)・ x3 (本体)の関節(膝 / 肘 / 腰 / 手首 / 足首)	かんせつ
cidro	x1 は水素(H)	すいそ
cifnu	x1 は x2 (生物種)の幼児 / 赤ちゃん	にゅうじ,ようじ
cigla	x1 は x2 (分泌物)・ x3 (本体)の分泌腺; x1 は x2 を分泌する	ぶんぴせん
cikna	x1 は目覚めている	かくせい,めざめ
cikre	x1 は x2 を x3 (使用)のために修理 / 修復 / 修繕する / 直す	しゅうぜん,しゅうふく,しゅうり,なおす
ciksi	x1 (者)は x2 (事 / 状態 / 性質)を x3 (者)に x4 (命題, du'u)で説明 / 弁明 / 解説する	かいせつ,せつめい,べんめい
cilce	x1 は野生	やせい
cilmo	x1 は x2 (液体)で湿っている / 濡れている / じめじめしている; x1 はしけている	しける,しっける,しつじゅん,しめる,じめじめ,ぬれる
cilre	x1 は x2 (命題)・ x3 (題目)を x4 (情報源)から x5 (方法)によって習う	しゅうとく,ならう
cilta	x1 は x2 (素材)の糸 / 繊維 / ワイヤー	いと,せんい,わいやー
cimde	x1 は x2 (事物)・ x3 (原理)の次元	じげん
cimni	x1 は x2 (次元 / 性質)に関して x3 の程度に無限	むげん
cinba	x1 は x2 (対象本体)・ x3 (対象箇所)にキス / 接吻 / くちづけする	きす,くちづけ,せっぷん
cindu	x1 は x2 (種類)のオーク / 樫 / 楢	ぶな
cinfo	x1 は x2 (種類)のライオン / 獅子	しし,らいおん
cinje	x1 は x2 (箇所)におけるしわ; x2 はくしゃくしゃ	おりめ,しわ,ひだ
cinki	x1 は x2 (種類)の昆虫綱(甲虫 / チョウ / ハエ / ハチ / カメムシ / バッタ / トンボ…目)	こんちゅう
cinla	x1 は x2 (次元 / 方向)・ x3 (照合枠)において細い / 薄い	うすい,ほそい
cinmo	x1 は x2 (感情)を x3 について覚える; x1 は感情的 / ムードに浸っている	かんじょう
cinri	x1 (事)は x2 の関心を惹く; x2 は x1 に関心がある	おもしろい,かんしん,きょうみ
cinse	x1 は x2 (行為 / 状態)で x3 (性質)を x4 (基準)における性的特徴として表す / 有する; x1 は性的 / セクシー	せいてき
cinta	x1 は x2 (色)・ x3 (主成分)の塗料	とりょう,ぺんき
cinza	x1 (道具 / 部分)は x2 が x3 をつまむ / はさむためのつまみ具 / はさみ具	くぎぬき,とんぐ,はし,ぴんせっと,ぺんち,やっとこ
cipni	x1 は x2 (種類)のトリ綱(ダチョウ / キジ / カモ / カッコウ / オウム / ツバメ / フクロウ / ハト / ツル / コウノトリ / ペリカン / フラミンゴ / ペンギン…目)	ちょうるい,とり
cipra	x1 (過程 / 事)は x2 (性質)を x3 について確かめる試験 / 実験 / テスト	しけん,じっけん,てすと
cirko	x1 は x2 (物 / 者)を x3 (所)で失う; x1 は x2 (性質)を x3 (状況)で失う	うしなう,そうしつ
cirla	x1 は x2 (成分)のチーズ / 凝乳食品	ちーず
ciska	x1 は x2 (文字列)を x3 (媒体)に x4 (道具)で書く	かく,ひっき
cisma	x1 はほほえむ / にやつく	にやつく,びしょう,ほほえむ
ciste	x1 (lu'o)は構造 x2 を持ち、 x3 (構成要素の集合)からなる、性質 x4 (ka)を示す体系 / システム	しすてむ,たいけい
citka	x1 は x2 を食べる	くう,たべる
citno	x1 は x2 (基準)において若い	じゃくねん,わかい
citri	x1 は x2 (題目)・ x3 (言説者 / 観点)の歴史; x1 は歴史的	れきし
citsi	x1 は x2 (性質 / 周期特性)・ x3 (年)の季節	きせつ
civla	x1 は x2 (種類)・ x3 (寄生対象)のシラミ亜目 / ノミ目	しらみ,のみ
cizra	x1 は x2 にとって x3 (性質)に関して怪しい / おかしい / 風変わり / 不思議	あやしい,ふうがわり,ふしぎ
ckabu	x1 は x2 (起源)・ x3 (成分)のゴム / ラテックス	ごむ,らてっくす
ckafi	x1 は x2 (種類)のコーヒー	こーひー
ckaji	x1 には x2 の性質がある	せいしつ
ckana	x1 は x2 (素材)の、 x3 (者 / 物 / 事)を支えるための寝台 / ベッド	しんだい,べっど
ckape	x1 は x2 にとって x3 (条件)において危険; x1 はおっかない	あぶない,きけん
ckasu	x1 は x2 (者)を x3 (事 / 性質)について x4 (行為)で嘲る / 笑いものにする / ばかにする / ひやかす	あざける,ちょうしょう,ひやかす
ckeji	x1 は x2 (事)について x3 (公衆)にたいする恥ずかしさ / 引け目を感じる	しゅうち,はじる
ckiku	x1 は x2 (錠)・ x3 (特性)の鍵	かぎ
ckilu	x1 は x2 (性質)を測るための単位 / 尺度	しゃくど,たんい
ckini	x1 は x2 と x3 (関係性)によって繋がりがある / 同系	しんせき,しんるい,どうけい,どうぞく,ゆかり
ckire	x1 (者)は x2 (者)に x3 (事 / 性質)を感謝する; x2 が x3 をしたことについて x1 はありがたく思う; x3 であることはありがたい	かんしゃ
ckule	x1 は x2 (所)で x3 (科目)を x4 (聴衆)に教える、 x5 (者)によって営まれている教育機関 / 学習施設	がくしゅうしせつ,がっこう,きょういくきかん,じゅく
ckunu	x1 は x2 (種類)の、 x3 (球果)が生るマツ属 / 球果植物(マツ / スギ / ヒノキ / イチイ等)	まつ
cladu	x1 は x2 (観察基点)・ x3 (照合枠)においてうるさい / やかましい	うるさい,けんそう,やかましい
clani	x1 は x2 (次元 / 方向)・ x3 (照合枠)において長い	ながい
claxu	x1 は x2 を欠く; x1 は x2 無し	かく,けつぼう
clika	x1 は x2 (類)の、 x3 (所)に生えるコケ; x1 はコケで覆われている	こけ
clira	x1 (事)は x2 (照合枠)において早い	はやい
clite	x1 は x2 (事)に際し、 x3 (照合枠)において礼儀正しい / 行儀が良い	いんぎん,うやうやしい
cliva	x1 は x2 から x3 (経路)によって離れる / 発つ / 別れる / 去る; x1 は x2 を残す	さる,しゅっぱつ,たいしゅつ,たちさる,たつ,のく,はなれる
clupa	x1 は材質 x2 のループ / 回路 / 循環系	かいろ,かん,わ
cmaci	x1 は x2 (種類 / 表現内容)の数学	さんがく,すうがく
cmalu	x1 は x2 (性質)に関して、 x3 (比較対象)の中で小さい	ちいさい
cmana	x1 は x2 から突き出ている山	たけ,やま
cmavo	x1 (文字列)は x2 (品詞)・ x3 (意味 / 機能)・ x4 (言語)の機能語	きのうご
cmene	x1 (文字列)は x2 の、 x3 (者)による名称; x3 は x2 を x1 と呼ぶ; x2 は x1 と呼ばれている	なまえ,めいしょう
cmila	x1 は笑う / 笑い声をあげる	わらう
cmima	x1 は x2 (集合)の成員 / メンバー; x1 は x2 に属する	しょぞく,ぞくする
cmoni	x1 は x2 (音声)を x3 (意味 / 目的 / 原因)のために呻く / 唸る	うなる,うめく
cnano	x1 は性質 x2 (ka, ni)に関する、 x3 (集合)の観点 x4 (si'o)による標準 / 平均 / スタンダード	ひょうじゅん,へいきん
cnebo	x1 は x2 (本体)の首	くび,けいぶ
cnemu	x1 (者)は x2 (者)を x3 (特別事項)について x4 (報奨 / 謝礼 / 褒美)で報いる	へんぽう,むくいる
cnici	x1 は x2 (性質)に関して整っている / 整然としている	せいぜん
cnino	x1 は x2 (者)にとって、 x3 (性質)・ x4 (基準)に関して新しい	あたらしい
cnisa	x1 は鉛 / Pb	なまり
cnita	x1 は x2 に対して x3 (照合枠)における下方 / 下側	かほう,した,したがわ
cokcu	x1 は x2 (対象)を x3 (起源)から x4 に吸収する; x1 は吸収性がある	きゅうしゅう
condi	x1 は x2 (性質 / 方向)に関して x3 (照合枠)・ x4 (標準)において深い	ふかい
cortu	x1 (者)は x2 (箇所)に痛みを感じる; x2 が痛い	いたみ
cpacu	x1 は x2 (対象)を x3 (起源)から入手する	かくとく,てにいれる,にゅうしゅ
cpana	x1 は x2 (表面)の上に(置いて / 立って)在る、 x3 (観点)で	おいてある
cpare	x1 は x2 (対象)を x3 (方向)・ x4 (手段)で登る	じょうしょう,のぼる
cpedu	x1 は x2 (事)を x3 (者)に x4 (態度 / 方法)で頼む	いらい,たのむ,ちゅうもん,ようきゅう
cpina	x1 は x2 (味覚者)にとってからい / スパイシー	からい,からみ
cradi	x1 は x2 (放送内容 / 信号内容)を x3 (周波数)で x4 (受信機)に放送 / 通信する放送送信所 / 放送局 / 無線局	むせんつうしん,むせんほうそう,らじお
crane	x1 は x2 (比較対象)・ x3 (照合枠)の前方 / 前側	ぜんぽう,まえ,まえがわ
creka	x1 は x2 (素材)の上着 / トップス	うわぎ,とっぷす
crepu	x1 (者)は x2 (対象)を x3 (領域)から収穫する	しゅうかく,とる
cribe	x1 は x2 (種類)のクマ科動物(パンダ / ヒグマ / ホッキョクグマ等)	くま
crida	x1 は x2 (ミトス / 宗教)における妖精	ようせい
crino	x1 は緑色	みどり,みどりいろ,りょくしょく
cripu	x1 は x2 をまたぐ、 x3 と x4 の間の橋 / 渡り間	はし,わたりま
crisa	x1 は x2 (年)・ x3 (所)の夏季	かき,なつ
critu	x1 は x2 (年)・ x3 (所)の秋季	あき,しゅうき
ctaru	x1 は x2 (所)・ x3 (起因)の潮	しお
ctebi	x1 は開口部 x2 を縁取る x3 (本体)の唇 / ふち	くちびる,こうしん
cteki	x1 は x2 (事)に関して x3 (者)に x4 (権威)が掛ける税	ぜい
ctile	x1 は x2 (起源)の石油 / オイル / 化石燃料	せきゆ
ctino	x1 は x2 (物)・ x3 (光)の陰 / 影	いんえい,かげ
ctua	x1 は x2 (生徒 / 門下生)に x3 (命題)・ x4 (題目)を x5 (方法)で教える	おしえる,きょうじ
cukla	x1 は(二次元的に)円い; x1 は円 / ディスク	えん,でぃすく,まるい
cukta	x1 は x2 (内容)・ x3 (著者)・ x4 (読者)・ x5 (媒体)の本 / 文献	ぶんけん,ほん
culno	x1 は x2 で充溢 / 充満している	じゅうまん
cumki	x1 (事)は x2 (条件)においてありえる / 可能; x1 は可能性	ありうる,ありえる,かのう
cumla	x1 は x2 (事)に関して謙虚 / 穏当 / 謙遜している / 慎ましい / 控えめ / 腰が低い	けんきょ,つつしましい
cunmi	x1 は x2 (品種)のキビ粒	きび
cunso	x1 は x2 (条件)において確率分布 x3 で無原則 / 無作為 / ランダム / でたらめ	むげんそく,むさくい,らんだむ
cuntu	x1 は x2 (者)が関わる沙汰 / 事態 / 催し	さた,じたい,もよおし
cupra	x1 は x2 (物)を x3 (過程)によって生産 / 産出 / 製造する	さんしゅつ,せいさん,せいぞう
curmi	x1 (者)は x2 (事)を x3 (条件)において許容 / 許可する	きょか,きょよう,ゆるす
curnu	x1 は x2 (種類)の無脊椎動物(ミミズ / クラゲ / イカ等)	むせきついどうぶつ
curve	x1 は x2 (性質)に関して純粋	じゅんすい
cusku	x1 (者)は x2 (内容)を x3 (聴衆)に x4 (媒体)で表す / 言う / 表現する	あらわす,いう,ひょうげん
cutci	x1 は x2 (足 / ひづめ)を覆う / 守るための x3 (素材)の靴	くつ
cutne	x1 は x2 (本体)の胸 / 胸腔	きょうぶ,むね
cuxna	x1 は x2 (選択肢)を x3 (集合)から選ぶ	えらぶ,せんたく
dacru	x1 は x2 (構造)・ x3 (内容)の引き出し / たんす	たんす,ひきだし
dacti	x1 は時空間内の存在 / 物体; x1 は物	ぶったい,もの
dadjo	x1 は x2 (性質面)に関して道教 / タオイズム系	どうきょう
dakfu	x1 は x2 (用途)・ x3 (素材)のナイフ / 包丁 / 刀 / 剣	かたな,けん,つるぎ,ないふ,ほうちょう
dakli	x1 は x2 (内容)・ x3 (素材)の鞄 / バッグ / リュックサック	かばん,ばっぐ,りゅっくさっく
damba	x1 は x2 と、 x3 (事)に関して格闘する / 戦う; x1 は戦士 / 格闘家	かくとう,たたかう
damri	x1 は x2 (ばち)による打楽器(太鼓 / ドラムス / シンバル)	だがっき
dandu	x1 は x2 (対象本体)・ x3 (対象箇所)に掛かる / ぶらさがる	かかる,けんすい,ぶらさがる
danfu	x1 は x2 (質問 / 問題)に対する解答 / 回答 / 返答	かいとう,こたえ,へんとう
danlu	x1 は x2 (種類)の動物	どうぶつ
danmo	x1 は x2 (起源)の煙 / スモッグ / 大気汚染	けむり,すもっぐ,たいきおせん
danre	x1 (力)は x2 を圧する; x1 は圧力	あっする,あつりょく
dansu	x1 は x2 (音楽 / リズム)に合わせて踊る; x1 は x2 にノる	おどる,ぶよう
danti	x1 は x2 (装置)で撃つ弾頭 / 弾丸	だんがん,だんとう
daplu	x1 は材質 / 性質 x2 で形成され x3 に囲まれた島 / 環礁; x1 は島的	しま
dapma	x1 は x2 を x3 (運命)に呪いつける	じゅそ,のろう
dargu	x1 は x2 (終点)・ x3 (起点)・ x4 (経路)の道路 / 車道	しゃどう,どうろ
darlu	x1 は x2 (観点)を x3 (観点)に対して論理的・倫理的な根拠から擁護 / 主張する	しゅちょう,ろんじる
darno	x1 は x2 から x3 (性質)に関して遠い	とおい
darsi	x1 (者)は x2 (事 / 行為)に関して大胆に振舞う / ずぶとさをみせる / 厚かましい; x1 はあえて / 思い切って x2 をする	あつかましい,だいたん
darxi	x1 は x2 を、 x3 (道具など) が x4 にぶつかる形で打つ / 叩く	うつ,たたく
daski	x1 は x2 (物)のためのポケット / ポーチ / 小物入れ	こものいれ,ぽけっと,ぽーち
dasni	x1 は x2 を x3 (着用様式)で着ている / 履いている / 被っている / 身に付けている	きている,ちゃくよう,つけている
daspo	x1 (事)は x2 を破壊する / 破滅させる / 倒す; x1 は破壊的	こぼつ,はかい
dasri	x1 は x2 (素材)のリボン / テープ / 帯	おび,てーぷ,りぼん
datka	x1 は x2 (種類)のアヒル	あひる
datni	x1 は x2 (題目)について x3 (方法)で得たデータ / 情報 / 統計	じょうほう,でーた
decti	x1 は x2 の、 x3 (性質)におけるデシ / 十分の一 [1 x1 0**-1]	でし
degji	x1 は x2 (本体)・ x3 (箇所 / 肢)の指	ゆび
dejni	x1 (者)は x2 (物 / 事)を、 x3 (者)に x4 (事)をしてもらった借りとして負っている; x1 は x3 に恩義がある	おう,おんぎ,ぎり
dekpu	x1 は x2 (数)・ x3 (基準)・ x4 (下位単位)のガロン度	がろん
dekto	x1 は x2 の、 x3 (性質)におけるデカ / 十 [1 x1 0**1]	でか
delno	x1 は x2 (数)・ x3 (基準)のカンデラ / 光度	かんでら,こうど
dembi	x1 は x2 (種類)のマメ科植物(ラッカセイ / ハギ / ゲンゲ / インゲンマメ / アズキ / エンドウ / アカシア / オジギソウ等)	まめ
denci	x1 は x2 (本体)の歯	は
denmi	x1 は性質 x2 に関して地点 x3 において濃厚 / 高密度 / 密集	こい,のうこう,みっしゅう,みつ
denpa	x1 は x2 (事)を x3 (状態)ながら待つ、 x4 (事)の開始以前 / 再開以前に	たいき,まつ
dertu	x1 は x2 (所 / 起源)・ x3 (成分)の土壌 / つち	つち,どじょう
derxi	x1 は x2 (物質)・ x3 (所)の堆積 / やま / 積み重ね	たいせき
desku	x1 は x2 (力)によって揺れる / 震える; x2 は x1 を揺さぶる	しんどう,ふるえる,ゆれる
detri	x1 (数)は x2 (事)・ x3 (所)・ x4 (暦)の日付	ひづけ
dicra	x1 (事)は x2 (物 / 事)を x3 (妨害性質)によって阻止 / 中断 / 妨害する	そし,ちゅうだん,ぼうがい
dikca	x1 は x2 (媒体)・ x3 (特性)の電気	でんき
diklo	x1 は x2 (局所)・ x3 (領域)について局所的 / ローカル; x1 は x2 に局在する	きょくしょ,ろーかる
dikni	x1 は x2 (性質 / 動作)に関して x3 (間隔)で周期的 / 規則的 / 循環する	きそくてき,しゅうきてき
dilcu	x1 は x2 (被除数)・ x3 (除数)・ x4 (剰余)の商	しょう
dilnu	x1 は x2 (物質)・ x3 (大気成分)・ x4 (層)の雲	くも
dimna	x1 は x2 の宿命 / 末路; x2 は x1 の運命にある	しゅくめい
dinju	x1 は x2 (目的)のための建造物	けんぞうぶつ,たてもの
dinko	x1 は x2 (素材)・ x3 (特性)の鋲 / 釘	がびょう,くぎ,びょう
dirba	x1 は x2 (者)にとって貴重 / あいらしい / 大切	きちょう,たいせつ
dirce	x1 は x2 を x3 の条件下で放射する	はなつ,ほうしゃ
dirgo	x1 は物質 x2 (液体 / 湯気)でできた環境物質 x3 内の雫 / 滴	しずく
dizlo	x1 は x2 (照合枠)・ x3 (基点)において低い	ひくい
djacu	x1 は水; x1 は水溶性 / 含水の	みず
djedi	x1 は x2 (数)・ x3 (基準)の満日	にち
djica	x1 は x2 (事)を x3 (目的)のために欲する / 求める; x1 は x3 (目的)のために x2 (事)という欲求を満たしたい	ほっする,もとめる,よっきゅう
djine	x1 は材質 x2 ・内径 x3 ・外径 x4 の環 / 輪 / トーラス / ドーナツ形	かん,わ
djuno	x1 は x2 (命題)・ x3 (題目)を x4 (認識体系)で知る	しる,ちかく
donri	x1 は x2 (日)・ x3 (所)の昼間 / 日中; x1 は昼行性	にっちゅう,ひる
dotco	x1 は x2 (性質面)に関してドイツ / ゲルマン系(言語 / 文化 / 民族 / 地理)	げるまん,どいつ
draci	x1 は x2 (内容)・ x3 (作家)・ x4 (観衆)・ x5 (役者)の(舞台)劇	げき
drani	x1 は x2 (性質)に関して x3 (状況)のとき x4 (基準)において正しい / 正確 / 適宜	せいかく,ただしい,てきぎ
drata	x1 は x2 ではない何か、 x3 (基準)において; x1 は他のもの	ほか
drudi	x1 は x2 (本体)の屋根 / 天井 / 屋上 / 蓋	おくじょう,てんじょう,ふた,やね
dugri	x1 は x2 (真数)・ x3 (底)の対数	たいすう
dukse	x1 は x2 (性質)が x3 (基準)において過剰	かじょう
dukti	x1 は x2 の正反対、 x3 (基準 / 性質)において	せいはんたい
dunda	x1 は x2 を x3 (者)に与える / 贈る / 授ける	あたえる,おくる,さずける,ぞうよ
dunja	x1 は x2 (温度)・ x3 (圧力)で凍る / 凝固する / 固まる; x1 は凍っている	ぎょうこ,こおる
dunku	x1 は x2 (事)について苦悩 / 苦悶する	きゅうはく,くのう,くもん,くるしむ,こんきゅう,はんもん,もだえる
dunli	x1 は x2 と x3 (性質)に関して同等	どうとう,ひとしい
dunra	x1 は x2 (年)・ x3 (所)の冬季	とうき,ふゆ
dzena	x1 (者)は x2 (者)・ x3 (関係)の先祖 / 先人; x1 は先駆者	せんじん,せんぞ
dzipo	x1 は x2 (性質面)に関して南極系	なんきょく
facki	x1 は x2 (命題)を x3 (題目)について発見する; x1 は x3 (物)を見つける / 探し当てる	はっけん,みつける
fadni	x1 は x2 (性質)・ x3 (集合)において平凡 / 通常 / 普通	つうじょう,ふつう,へいぼん
fagri	x1 は x2 (燃料)・ x3 (酸化料)による火 / 炎	かえん,ひ,ほのお
falnu	x1 は x2 を集めて x3 (乗物)が航行 / 帆走するための帆	ほ
famti	x1 (者)は x2 (者)・ x3 (血縁関係)のおじ / おば	おじ,おば
fancu	x1 は x2 (変域 / 定義域)・ x3 (値域)・ x4 (式 / 表現)の関数	かんすう
fange	x1 は x2 にたいして x3 (性質)の点で異質 / 外来 / 別世界的 / 風変わり	いしつ,ふうがわり
fanmo	x1 は x2 (物 / 過程)の終わり	おわり
fanri	x1 は x2 を x3 (材料)から製造する工場 / 鋳造工場 / 工業プラント / 製作所	こうじょう,こうば,せいさくじょ
fanta	x1 は x2 (事)の発生を防ぐ / 抑える	おさえる,ふせぐ,ぼうし,よくせい
fanva	x1 は x2 (文字列)を x3 (言語)に x4 (言語)から翻訳し、 x5 (文字列)を生む	ほんやく,やくす
fanza	x1 (事)は x2 の気に障る / をいらいらさせる; x2 は x1 で苛つく; x1 は邪魔	きにさわる,じゃま,なやみ
fapro	x1 は x2 (者 / 物 / 力)に、 x3 (事)について対抗する	こうする,たいこう
farlu	x1 は x2 に x3 から、 x4 (照合枠 / 重力井戸)において落ちる / 降る	おちる,らっか
farna	x1 は x2 (物 / 事)・ x3 (照合枠)の向き / 方向 / 方角; x3 から観て x2 は x1 のほうにある	ほうがく,ほうこう
farvi	x1 は x2 に x3 から x4 (過程)を通じて発達 / 発展 / 進化する	しんか,はったつ,はってん
fasnu	x1 は事 / 出来事 / 事件 / 事象 / 現象; x1 は起こる / 生じる / 発生する	げんしょう,こと,ことがら,じけん,じしょう,できごと
fatci	x1 (命題)は事実 / 現実	げんじつ,じじつ
fatne	x1 (順序)は x2 (順序)と逆; x1 (物)は x2 (物)の逆さま	ぎゃく,さかさ
fatri	x1 (物)は x2 (受け手)に x3 (分け前)で分配 / 配当される / 割り当てられる	くばる,はいきゅう,はいとう,ぶんぱい,わりあてる,わりふる
febvi	x1 は x2 (温度)・ x3 (圧力)において沸騰 / 蒸発する	じょうはつ,ふっとう
femti	x1 は x2 の、 x3 (性質)におけるフェムト / 千兆分の一 [1 x1 0**-15]	ふぇむと
fendi	x1 (者)は x2 を x3 (部分 / 個)に x4 (方法 / 区分)によって分ける	ぶんかつ,わける
fengu	x1 は x2 (者)にたいして x3 (事 / 性質)について憤慨している / 怒っている	おこる,ふんがい
fenki	x1 (事 / 行為)は x2 の観点で狂気の沙汰	きょうき,ものぐるい
fenra	x1 は x2 の割れ目 / 裂け目	さけめ,われめ
fenso	x1 は x2 (集合)を x3 (縫い具)・ x4 (縫い糸)で縫い合わせる	ぬいあわせる,ほうごう
fepni	x1 は x2 (数量)・ x3 (通貨体系)の下位単位 / 銭 / セント / コペック	せん
fepri	x1 は x2 (本体)の肺 / 呼吸器官	こきゅうきかん,はい
ferti	x1 は x2 の成長 / 発達に関して肥沃 / 豊穣 / 多産 / 多作	しする,ひよく
festi	x1 は x2 (事 / 動作)の残り物 / ごみ / くず	くず,ごみ
fetsi	x1 は x2 (生物種)の、 x3 (体現性質)に基づく女性 / 雌; x1 は女性的	めす
figre	x1 は x2 (種類)のイチジク属植物(ビワ / イチジク / ベンジャミン等)	いちじく
filso	x1 は x2 (性質面)に関してパレスチナ系(言語 / 文化 / 民族 / 地理)	ぱれすちな
finpe	x1 は x2 (種類)の魚	ぎょるい,さかな
finti	x1 は x2 を x3 (目的 / 機能)のために x4 (既存要素)から創る / 発明する / 著する; x1 は創作的	あらわす,つくる,はつめい
flalu	x1 は x2 (事)を x3 (共同体)のために x4 (条件)で x5 (者)が制定した法律 / 条例; x2 は合法的	じょうれい,ほうりつ
flani	x1 は簧(した / リード)を用いない木管楽器 / フルート / 横笛 / リコーダー	むこうがっき
flecu	x1 は x2 の / における、 x3 (終点)へ x4 (始点)からの流れ; x2 は流れる	ながれる
fliba	x1 は x2 (事)に失敗する; x1 は x2 を怠る	かしつ,しくじる,しっぱい
flira	x1 は x2 (本体)の顔; x1 は表情的	かお
foldi	x1 は x2 (物質)の地帯 / 地域	ちいき,ちたい
fonmo	x1 は 物質 x2 の膜によって物質 x3 を取り込んだ構造の泡 / フォーム	あわ
fonxa	x1 は x2 (システム / ネットワーク)の電話端末 / モデム	でんわ
forca	x1 は x2 (目的)・ x3 (歯 / 枝)・ x4 (持ち手 / 幹 / 支持部)のフォーク / くま手 / フォーク形の道具	くまで,ふぉーく
fraso	x1 は x2 (性質面)に関してフランス / ガリア / ゴール系(言語 / 文化 / 民族 / 地理)	ふらんす
frati	x1 は x2 (動作 / 行為)という形で x3 (刺激 / 要因)に対し x4 の条件下で反応する / 呼応する	こたえる,はんのう
fraxu	x1 は x2 を x3 (事)について許す / 容赦する	ゆるす,ようしゃ
frica	x1 は x2 と、 x3 (性質)に関して違う / 異なる	ことなる,ちがう
friko	x1 は x2 (性質面)に関してアフリカ系(言語 / 文化 / 民族 / 地理)	あふりか
frili	x1 (事)は x2 (者)にとって x3 (条件)において簡単 / 容易; x2 は x1 をた易くこなす	かんたん,たやすい,やさしい,ようい
frinu	x1 は x2 (分子)・ x3 (分母)の分数	ぶんすう
friti	x1 は x2 (物 / 事)を x3 に x4 (条件)で進呈する / オファーする	さしだす,ていきょう,もうしでる
frumu	x1 は顔をしかめる	しかめる
fukpi	x1 は x2 (対象)の、 x3 (媒体 / 形態)への、 x4 (方法)による複製 / コピー / レプリカ / クローン	くろーん,こぴー,ふくせい,れぷりか
fulta	x1 は x2 (気体 / 液体)に浮かぶ; x1 は浮遊物	うかぶ,ふゆう
funca	x1 (事 / 性質)は x2 の運; x1 はまぐれ / めぐり合わせ	うん,めぐりあわせ
fusra	x1 は x2 (原因)によって腐敗 / 発酵する; x1 は腐っている / 錆びている	くさる,はっこう,ふはい
fuzme	x1 は x2 (事)について x3 (断裁 / 権限)の観点で責任がある	せきにん
gacri	x1 は x2 の覆い / 蓋 / カバー; x1 は x2 に被さっている	おおい,かばー
gadri	x1 は x2 (修飾対象)・ x3 (言語)・ x4 (意味 / 機能)の冠詞 / 標識	かんし
galfi	x1 は x2 を x3 に改変する / 変える	かいへん,かえる
galtu	x1 は x2 (照合枠)・ x3 (基点)において高い	たかい
galxe	x1 は x2 (本体)の喉 / 咽喉 / 食道	のど
ganlo	x1 は x2 (到達されないもの / 所)にたいして x3 (通過を妨げられているもの)にとって閉まっている; x1 は x3 が x2 へ達することを妨げる	とじる,へいさ
ganra	x1 は x2 (次元)・ x3 (基準)において広い / 幅がある / ワイド	ひろい
ganse	x1 (者)は x2 (性質)を x3 (手段)によって、 x4 (環境条件)のもと感知 / 感得する / 感じ取る; x1 は x2 にたいして敏感 / センシティヴ	かんじる,かんち,かんとく
ganti	x1 は x2 (本体)・ x3 (性別)の睾丸 / 精巣 / 卵巣 / 子房 / 陰嚢(いんのう) / 生殖腺 / 性腺 / 雄ずい / 雄しべ / 雌ずい / 雌しべ	いんのう,おしべ,おずい,こうがん,しずい,しぼう,せいしょくせん,せいせん,せいそう,たまぶくろ,めしべ,ゆうずい,らんそう
ganxo	x1 は x2 (本体)の肛門	こうもん
ganzu	x1 は x2 を x3 に、 x4 (原理)に基づいて組織 / 編成 / 整頓する	せいとん,せいり,へんせい
gapci	x1 は x2 (成分)・ x3 (条件)の気体 / ガス	がす,きたい
gapru	x1 は x2 に対して x3 (照合枠)における上方 / 上側	うえ,うえがわ,じょうほう
garna	x1 は x2 を支える / 抑える、 x3 (素材)のレール / 線路 / 横木 / 手すり / 軌条 / バー	きじょう,てすり,よこぎ,らんかん,れーる
gasnu	x1 (者)は x2 (事)をする	する
gasta	x1 は x2 (成分)の鋼鉄 / はがね	こうてつ,はがね
genja	x1 は x2 (植物 / 種類)の根 / 地下茎	ちかけい,ね
gento	x1 は x2 (性質面)に関してアルゼンチン系(言語 / 文化 / 民族 / 地理)	あるぜんちん
genxu	x1 は x2 (素材)の鉤 / 留め金 / ホック	かぎ,こう,とめがね,ふっく,ほっく
gerku	x1 は x2 (種類)のイヌ科動物(オオカミ / イエイヌ / コヨーテ / ジャッカル / リカオン / タヌキ / キツネ等)	いぬ
gerna	x1 は x2 (言語)の x3 (性質)に関する文法	ぶんぽう
gidva	x1 (者 / 物 / 事)は x2 (者)を x3 (事)について案内する	あんない,みちびく
gigdo	x1 は x2 の、 x3 (性質)におけるギガ / 十億 [1 x1 0**9]	ぎが
ginka	x1 は x2 (居住者)・ x3 (所)の野営 / キャンプ / 仮設住居	かせつじゅうきょ,きゃんぷ,やえい
girzu	x1 は x2 (共通性質)・ x3 (集合)・ x4 (関係)の組 / チーム	くみ,ちーむ
gismu	x1 (文字列)は x2 (意味関係)を x3 (項)について表す、 x4 (形態素)からなる語根	ごこん
glare	x1 は x2 (基準)において熱い / 暖かい / 温い	あたたかい,あつい,ぬるい
gleki	x1 は x2 (事)に関して嬉しい / 幸せ / 幸福 / 上機嫌	うれしい,こうふく,しあわせ
gletu	x1 は x2 と性交 / 交尾 / セックスする	こうび,せいこう,せっくす
glico	x1 は x2 (性質面)に関して英語系(言語 / 文化 / 民族 / 地理)	えいご
gluta	x1 は材質 x2 の手袋 / グローブ / ミトン	ぐろーぶ,てぶくろ,みとん
gocti	x1 は x2 の、 x3 (性質)におけるヨクト / 一秭分の一 [1 x1 0**-24]	よくと
gotro	x1 は x2 の、 x3 (性質)におけるヨタ / 秭(じょ) [1 x1 0**24]	よた
gradu	x1 (度)は x2 (尺度)の、 x3 (性質)を測る単位 / グレード / レベル / ポイント	たんい
grake	x1 は x2 (数)・ x3 (基準)のグラム	ぐらむ
grana	x1 は x2 (素材)の杖 / さお / ステッキ / ロッド	さお,すてっき,つえ,ろっど
grasu	x1 は x2 (起源)の油 / 鉱油 / 灯油 / 油脂 / 獣脂 / グリース / オイル	あぶら
greku	x1 は x2 (本体)の枠 / 骨組 / 構造 / フレーム	こうぞう,ふれーむ,ほねぐみ,わく
grusi	x1 は灰色 / グレー	かいしょく,はいいろ
grute	x1 は x2 (種類)の果実 / フルーツ	かじつ,ふるーつ
gubni	x1 は x2 (群 / 共同体)のあいだで共有されている; x1 は公共	こうきょう
gugde	x1 は x2 (要素 / 成員)・ x3 (領域)の国	くに,こっか
gundi	x1 は x2 (生産物)・ x3 (方法)の工業 / 製造業	こうぎょう,せいぞうぎょう
gunka	x1 は x2 (動作 / 行動)を x3 (目的 / 目標)のために働く / 労働 / 勤務する; x1 は労働者	きんむ,はたらく,ろうどう
gunma	x1 は x2 (要素)からなる群 / 団	ぐん,だん
gunro	x1 は x2 (表面)・ x3 (回転軸)を転がる	ころがる
gunse	x1 は x2 (種類)のカモ科動物(カモ / ハクチョウ / ガン等)	かも
gunta	x1 は x2 を x3 (目的)のために攻撃 / 侵攻する	こうげき,しんこう,せめる
gurni	x1 は x2 (種類)の穀粒 / 穀物	こくもつ,こくりゅう
guska	x1 は x2 を x3 から削る / こすり落とす / すりむく; x1 は x2 を侵食する; x2 は腐食する / 摩滅する	けずる,しんしょく
gusni	x1 (エネルギー)は x2 (対象)を x3 (光源)に基づいて照らす光; x3 は x2 を x1 で照らす	ひかり
gusta	x1 は x2 (飲み物 / 食べ物)を x3 (客)に提供する飲食店 / レストラン / カフェテリア	いんしょくてん
gutci	x1 は x2 (数)の、 x3 を下位単位とする、 x4 (規格圏)の尺 / フィート(非メートル法 / 土着的な距離単位のうち短いもの)	しゃく
gutra	x1 は x2 (本体)の子宮	しきゅう
guzme	x1 は x2 (種類)のウリ科植物(カボチャ / メロン / ズッキーニ等)	うり
jabre	x1 は x2 (動作)を x3 (仕組)によって抑える制動装置 / ブレーキ / 歯止め	せいどうき,せいどうそうち,ぶれーき
jadni	x1 (物)は x2 を装飾する; x1 は x2 の飾り;	かざる,そうしょく
jakne	x1 は x2 (原動力)・ x3 (乗員 / 荷)のロケット / シャトル	しゃとる,ろけっと
jalge	x1 (事)は x2 (事)の結果 / 結末; x2 は x1 に終結する	けっか,けつまつ
jalna	x1 は x2 (資源)・ x3 (成分)のデンプン	でんぷん
jalra	x1 は x2 (種類)のバッタ目昆虫(バッタ / キリギリス / コオロギ / ケラ / カマドウマ / カマキリ / ナナフシ / ゴキブリ / ガロアムシ / イナゴ / スズムシ等)	ばった
jamfu	x1 は x2 (本体)の足	あし
jamna	x1 (群)と x2 (群)は x3 (題目)に関して戦争 / 紛争する	せんそう,ふんそう
janbe	x1 は x2 (音)を奏でる鐘 / 鈴 / ベル / チャイム	おんさ,かね,すず
janco	x1 は x2 (本体)の x3 (肢)を繋ぐ肩 / 骨盤	かた,こつばん
janli	x1 は x2 に衝突 / 激突する / ぶつかる	げきとつ,しょうとつ,ぶつかる
jansu	x1 は x2 (政体)・ x3 (交渉 / 談判)・ x4 (役割 / 目的)の外交官(大使 / 公使 / 領事)	がいこうかん
janta	x1 は x2 (奉仕 / サービス)に関する、 x3 (者)宛ての x4 (者)からの請求(書) / 納品書	せいきゅう
jarbu	x1 は x2 (都市)の郊外 / 都市近郊	こうがい
jarco	x1 は x2 (性質)を x3 (者)に見せる / 表示 / 展示する	てんじ,ひょうじ,みせる
jarki	x1 は x2 (次元)・ x3 (基準)において狭い	せまい
jaspu	x1 は x2 (者)の、 x3 (権限)によって x4 (行動)を認可された旅券 / パスポート	ぱすぽーと,りょけん
jatna	x1 は x2 (活動領域 / 権限範疇)における指揮者 / 指導者 / 首領 / 長 / リーダー / キャプテン	おさ,おやかた,おやだま,きゃぷてん,しきしゃ,しどうしゃ,しゅしょう,しゅりょう,とうりょう,ぼす,りーだー
javni	x1 は x2 (事)を x3 (体系)において規定する法則 / 規則 / ルール	おきて,きそく,ほうそく,るーる
jbama	x1 は x2 (爆薬 / 爆発方法)による爆弾; x1 には爆発性がある	ばくだん
jbari	x1 は x2 (種類)の食用小果実 / ベリー	べりー
jbena	x1 は x2 (産主)による x3 (日時)・ x4 (所)の生まれである; x2 は x1 の産みの親	うまれ,しゅっせい
jbera	x1 (者)は x2 (物)を x3 (起源)から x4 (期間)にわたって借りる	かりいれ,かりる
jbini	x1 は x2 (集合)の間に在る、 x3 (性質)に関して; x1 は x2 の中間	あいだ,ちゅうかん
jdari	x1 は x2 (力)にたいして、 x3 (環境 / 条件)のとき固い / 硬い / 堅い	かたい
jdice	x1 (者)は x2 (命題)であると x3 (事 / 状態)について決める / 定める / 決定する	きめる,けってい,さだめる
jdika	x1 は x2 (性質)に関して x3 (数量)ほど減る	げんしょう,へる
jdima	量 x1 は商品 x2 の、買い手 x3 に対して売り手 x4 が設定した価格 / 値段	かかく,ねだん
jdini	x1 は x2 (発行源)のお金; x1 は金融	かね,かへい,つうか
jduli	x1 は x2 (成分)のゼリー(状) / ゼラチン(状) / 半固体	ぎこうたい,げる,じぇる,ぜりー
jecta	x1 は x2 (領域)の政体 / 政府	せいたい,せいふ
jeftu	x1 は x2 (数)・ x3 (基準)の週	しゅう
jegvo	x1 は x2 (性質面)に関してアブラハム宗教系(ユダヤ教 / キリスト教 / イスラム教)	あぶらはむ
jelca	x1 は x2 (温度)・ x3 (気体)において燃える; x1 には可燃性がある	ねんしょう,もえる
jemna	x1 は x2 (種類)・ x3 (原石資源 / 起源)の宝石	ほうせき
jenca	x1 (事)は x2 を驚愕 / 動転 / 気絶させる	きょうがく,ぎょうてん,しょうげき,どうてん
jendu	x1 は x2 (回転物)・ x3 (素材)の軸 / 車軸 / 心棒 / つむ / スピンドル / シャフト	しんぼう,じく,つむ,ぼうすい
jenmi	x1 (群)は x2 (群 / 共同体)に奉仕する、 x3 (機動特性)の軍隊	ぐん
jerna	x1 (者)は x2 (収益)を x3 (行動)から稼ぐ; x2 は x1 の給料 / 報酬	かせぐ
jersi	x1 は x2 を追う / 追跡する	おう,ついせき
jerxo	x1 は x2 (性質面)に関してアルジェリア系(言語 / 文化 / 民族 / 地理)	あるじぇりあ
jesni	x1 は x2 (素材)の針	はり
jetce	x1 は x2 (物質)・ x3 (噴射機構)のジェット / 噴出 / 噴射	じぇっと,ふんしゃ,ふんしゅつ,ふんりゅう
jetnu	x1 (命題)は x2 (認識体系)において真実 / 本当	しん,しんじつ,ほんとう,まこと
jgalu	x1 は x2 (本体)の爪 / 蹄 / かぎづめ	かぎづめ,つめ,ひづめ
jganu	x1 は x2 (頂角)・ x3 (辺)による角度; x1 は角張っている	かくど
jgari	x1 は x2 (対象本体)・ x4 (対象箇所)を x3 ( x1 の部分)で掴む / 握る	つかむ,にぎる,はあく
jgena	x1 は x2 (物)の(間の)結び目 / もつれ / こぶ	むすびめ,もつれ
jgina	x1 は x2 (有機体)の x3 (性質)に関わる遺伝子	いでんし
jgira	x1 (者)は x2 (事)について誇る / 誇りがある; x1 はプライドが高い	ほこる
jgita	x1 は x2 (特性)の弦楽器	げんがっき
jibni	x1 は x2 に、 x3 (性質)に関して近い / 近似	ちかい
jibri	x1 は x2 (者)の職 / 仕事; x2 は x1 に就職している	しごと,しょく,しょくぎょう
jicla	x1 (物 / 事 / 力)は x2 (液体 / 気体)をかき混ぜる	かきまぜる,かくはん
jicmu	x1 は x2 の基礎 / 基盤 / 根本 / 原理	きそ,きてい,きばん,げんそく,げんり,こんてい,こんぽん,ごんきょ
jijnu	x1 は x2 (命題)を x3 (題目)について直感する / 勘づく	かんづく,ちょっかん
jikca	x1 は x2 と社交 / 交際する; x1 は x2 にたいして社会的に振舞う; x1 は社会人	こうさい,しゃこう,つきあう,よしみ
jikru	x1 は x2 (原料)の蒸留から出来た酒 / アルコール飲料	じょうりゅうしゅ
jilka	x1 は x2 (成分)のアルカリ / 塩基	あるかり,あるかりせい,えんき,えんきせい
jilra	x1 (者)は x2 (者)に x3 (性質)に関して嫉妬する / 妬む / そねむ; x2 はうらやましい	しっと,そねむ,ねたむ
jimca	x1 は x2 (本体)の枝 / 肢	え,えだ
jimpe	x1 は x2 (命題)を x3 (題目)について理解する; x1 は x3 がわかる	りかい,わかる
jimte	x1 は x2 の x3 (性質)に関する限度 / 限界	かぎり,げんかい,げんど
jinci	x1 は x2 を切る(ための)ハサミ / 裁断機 / 刈り込み機	せんとう,はさみ
jinga	x1 は x2 (利益)を x3 (競合相手 / 敗者)から x4 (試合)において勝ち取る; x1 は x3 に勝利する; x3 は x1 に敗北する	かつ,しょうり
jinku	x1 は x2 を x3 (病気 / 疾病 / 疾患)から x4 (接種方法)によって護るワクチン / 痘苗 / 血清 / 予防接種	けっせい,とうびょう,わくちん
jinme	x1 は x2 (成分)の金属	かな,きんぞく
jinru	x1 は x2 に漬かる / 浸かる / 沈む / 潜る	しずむ,つかる,もぐる
jinsa	x1 は x2 (汚れ)を x3 (観点)において持っていない; x1 は汚れていない / 清らか	きよらか,せいけつ
jinto	x1 は x2 (液体)・ x3 (所)の井戸 / (石油 / 天然ガスの)井 / 泉 / 鉱泉 / 温泉	いずみ,いど
jinvi	x1 は x2 (命題)・ x3 (題目)を、 x4 (根拠)により真であると考える; x1 は x2 だと思う	おもう,かんがえる
jinzi	x1 (性質)は x2 に内在する; x2 は本質的に x1	ないざい
jipci	x1 は x2 (種類)のニワトリ	とり,にわとり
jipno	x1 は x2 (本体)の部位 x3 にある先端 / 先っぽ / 頂点	さきっぽ,せんたん,ちょうてん,とっさき,とったん
jirna	x1 は x2 (本体)の角 / 触角	しょっかく,つの
jisra	x1 は x2 (原料 / 種類)の汁 / ジュース	しる,じゅーす
jitfa	x1 (命題)は x2 (認識体系)において偽 / 虚構 / 非真実 / うそ	あやまり,いつわり,うそ,きょぎ,ぎ
jitro	x1 は x2 を x3 (動作 / 事)に関して制御 / 指揮 / 引率する	いんそつ,かんとく,かんり,さはい,しき,しじ,しどう,せいぎょ,とうそつ,りょうどう
jivbu	x1 は x2 を x3 (材料)から織る	おる
jivna	x1 は x2 と x3 (事)に関して x4 (利益)を競う / 競合する / 試合する	きそう,きょうごう,しあい
jmaji	x1 は x2 (所)に x3 (起源)から集まる / 集結する	あつまる,しゅうけつ
jmifa	x1 は x2 (物質)・ x3 (所)の岩礁 / 浅瀬 / 州 / 砂州	あさせ,あんしょう,かくれいわ,がんしょう,けんしょう,しょう,す,さんごしょう
jmina	x1 は x2 を x3 に加え、その結果 x4 となる	くわえる,てんか
jmive	x1 は x2 (観点 / 基準)において生きている; x1 は生物 / 生体 / 有機体	せい
jordo	x1 は x2 (性質面)に関してヨルダン系(言語 / 文化 / 民族 / 地理)	よるだん
jorne	x1 は x2 (対象本体)と、 x3 (対象箇所)において結合 / 接続している; x1 と x2 は結束している	けっそく,けつごう,せつごう,せつぞく,つながる,れんけつ
jubme	x1 は x2 (素材)・ x3 (脚 / 柱 / 台座)の机 / テーブル / 台	だい,つくえ,てーぶる
judri	x1 は x2 の、 x3 (体系)における住所 / 宛先	あてさき,じゅうしょ
jufra	x1 (文字列)は x2 (題目)の、 x3 (言語)における文	ぶん
jukni	x1 は x2 (種類)のクモ属昆虫	くも
jukpa	x1 は x2 (完成品)に x3 (方法)で料理する	ちょうり,りょうり
julne	x1 は x2 を通し x3 を遮る、 x4 (特性)の網 / フィルター	あみ,ふぃるたー,ふるい
jundi	x1 は x2 (物 / 者 / 事)にたいして懇ろ / 注意深い / 配慮がある / 気を使っている	きにかける,きにする,きをくばる,きをつかう,きをつける,こころする,こころをくばる,ちゃくもく,ちゅうい,ちゅうもく,はいりょ,りゅうい
jungo	x1 は x2 (性質面)に関して中国系(言語 / 文化 / 民族 / 地理)	ちゅうごく
junla	x1 は x2 (時間単位)を x3 (精度)・ x4 (方法)で計測する時計 / 計時器具	けいじきぐ,とけい
junri	x1 (者)は x2 (事)に関してまじめ / 真剣 / 厳か / 熱心 / 本気	しんけん,しんし,ねっしん,ひたむき,ほんき,まじめ
junta	x1 は x2 (物体)の、 x3 (環境)における重量 / 重さ	おもさ,かるさ,じゅうりょう
jurme	x1 は x2 (種類)の細菌 / ばい菌 / バクテリア / 微生物 / 原生動物 / アメーバ	あめーば,げんせいせいぶつ,げんちゅう,さいきん,ばいきん,ばくてりあ,びせいぶつ,びょうげんきん
jursa	x1 (事)は x2 (者)にたいして辛辣 / 厳しい / 容赦ない / 険しい	かこく,きびしい,けわしい,しゅんげん,しんらつ
jutsi	x1 は x2 (属)・ x3 (科)の生物種	せいぶつしゅ
juxre	x1 (行為)は x2 (基準)において不器用 / ぎこちない / 不様	ぎこちない,ぶきよう,ぶざま
jvinu	x1 は x2 (物 / 所)・ x3 (観点)の景観 / 景色 / 光景	けいかん,けしき,こうけい
kabri	x1 は x2 (内容)・ x3 (素材)のコップ / カップ / タンブラー / マグ / 茶碗 / 杯	かっぷ,ぐらす,こっぷ,さかずき,たんぶらー,まぐ,ゆのみ,わん
kacma	x1 は x2 (光学的対象)を x3 (媒体)に記録するカメラ	かめら,しゃしんき
kadno	x1 は x2 (性質面)に関してカナダ系(言語 / 文化 / 民族 / 地理)	かなだ
kafke	x1 は x2 (気体)を x3 (開口部)から放つ; x1 は咳 / げっぷ / おならをする	おくび,おなら,がいそう,げっぷ,せき,へ
kagni	x1 は x2 (権限)・ x3 (目的)の会社 / 企業	かいしゃ,きぎょう
kajde	x1 は x2 (者)に x3 (危険 / 脅威)を警告する	いましめる,けいこく
kajna	x1 は x2 (壁 / x1 を含む家具など)に支えられた x3 (目的)のための棚 / カウンター	かうんたー,たな
kakne	x1 は x2 (事)が x3 (条件)においてできる; x1 は有能	かのう,できる
kakpa	x1 は x2 を x3 から x4 (道具 / 方法)で掘り出す; x1 は x3 を掘る	さいくつ,ほる
kalci	x1 は x2 (生体)の糞 / 排泄物	くそ,はいせつぶつ,ふん
kalri	x1 は x2 (通り抜けた先)へ x3 (通り抜けるもの)にとって開いている	かいほう,ひらく
kalsa	x1 は x2 (性質)に関して混沌	こんとん,ごちゃごちゃ
kalte	x1 は x2 を x3 (目的)のために狩る; x1 は狩猟者	かる,しゅりょう
kamju	x1 は x2 (素材)の柱 / 支柱	しちゅう,はしら
kamni	x1 (群)は x2 (目的 / 責務)・ x3 (母体)の委員会	いいんかい
kampu	x1 (性質)は x2 (集合)の間で普遍 / 一般的; x1 は普通	いっぱん,ふへん
kanba	x1 は x2 (種類)のヤギ属動物	やぎ
kancu	x1 は x2 (集合)について x3 (数量)を x4 (単位)で数える	かぞえる,かんじょう
kandi	x1 は x2 (性質)に関して x3 (観点)にとって淡い / 薄い	あわあわしい,あわい,うっすら,かすか,ほのか
kanji	x1 は x2 (数量 / 事)を x3 (データ)から x4 (過程 / 手段)によって計算する / 算出する	けいさん,さんしゅつ,わりだす
kanla	x1 は x2 (本体)の目 / 眼 / 視覚器官; x1 は視覚者	しかくきかん,まなこ,め
kanro	x1 は x2 (基準)において健康 / すこやか	けんこう,けんぜん,すこやか
kansa	x1 は x2 に、 x3 (事)において伴う / 付き添う; x1 と x2 は一緒	いっしょ,つきそう,ともなう
kantu	x1 は x2 (性質 / 動作)の量子	りょうし
kanxe	x1 は x2 (命題)・ x3 (命題)の連言	れんげん
karbi	x1 (観察者)は x2 と x3 を性質 x4 に関して比較し、 x5 (状態)であることを明らかにする	くらべる,ひかく
karce	x1 は x2 (客 / 荷)・ x3 (原動力)の車	くるま
karda	x1 は x2 (素材)・ x3 (形状)のカード / 札	かーど,ふだ
kargu	x1 (物 / 性質 / 事)は x2 (者)・ x3 (基準)にとって高価 / 高額 / 高級	こうか,こうがく,こうきゅう
karli	x1 は x2 を取り巻く、 x3 (素材)の襟 / ベルト部	えり,べると
karni	x1 は x2 (内容)・ x3 (出版者)・ x4 (読者)の刊行物 / 雑誌 / 新聞	かんこうぶつ,ざっし,しんぶん
katna	x1 (用具 / 刃 / 力)は x2 を切って x3 (部分)にする	きる,さいだん,せつだん
kavbu	x1 は x2 を x3 (罠 / 拘束力)で捕らえる / 捕獲 / 捕捉 / 逮捕する	たいほ,とらえる,ほかく,ほそく
kecti	x1 は x2 を x3 (事)について哀れむ / 慈しむ / かわいそうだと思う; x1 は慈悲的	あわれむ,いつくしむ,じひ
kelci	x1 は x2 (道具 / 方法)で遊ぶ	あそぶ,ゆうぎ
kelvo	x1 は x2 (数)・ x3 (基準)のケルビン度	けるびん
kenra	x1 は x2 (箇所)の癌	がん
kensa	x1 は x2 (天体 / 領域)の宇宙空間	うちゅう
kerfa	x1 は x2 (本体)・ x3 (箇所)の毛 / 髪	かみ,け
kerlo	x1 は x2 (本体)の耳 / 聴覚器官; x1 は聴覚者	ちょうかくきかん,みみ
ketco	x1 は x2 (性質面)に関してラテンアメリカ / 南アメリカ / ケチュア系(言語 / 文化 / 民族 / 地理)	けちゅあ,なんべい,みなみあめりか,らてんあめりか
kevna	x1 は x2 の穴; x2 は x1 (箇所)において貫通している	あな
kicne	x1 は x2 のための、 x3 (素材)のクッション / 座布団; x1 は x2 を x3 で緩衝する	くっしょん,ざぶとん
kijno	x1 は酸素(O)	さんそ
kilto	x1 は x2 の、 x3 (性質)におけるキロ / 千 [1 x1 0**3]	きろ
kinli	x1 は x2 (箇所)において鋭い	えいり,するどい
kisto	x1 は x2 (性質面)に関してパキスタン / パシュトー系(言語 / 文化 / 民族 / 地理)	ぱきすたん,ぱしゅとー
klaji	x1 は x2 (所)における、 x3 につながる街路 / 通り / 回廊	かいろう,がいろ,とおり
klaku	x1 は x2 (涙)・ x3 (理由)で泣く	なく
klama	x1 は x2 (終点)に x3 (起点)から x4 (経路)を x5 (方法)で行く / 来る	いく,おうらい,おもむく,くる,でむく,むかう
klani	x1 は x2 (数)を測定値として x3 (尺度 / 概念)について測定された量	りょう
klesi	x1 は x2 (上位の枠組)・ x3 (特質)の部門 / カテゴリー / クラス / 組 / 派 / 種類 / タイプ	かてごりー,くみ,くらす,しゅるい,たいぷ,は,はんちゅう,ぶもん,ぶんるい
klina	x1 (物 / 媒体)は x2 (伝わるもの)に関して明らか / 透過性がある / 遮られていない; x2 は減衰も散乱もあまりせずにそのまま伝わる	すきとおる,すみきる,すみわたる,すむ,とうか,とうてつ,めいちょう
kliru	x1 は x2 (種類)のハロゲン / 造塩元素(塩素 / フッ素 / ヨウ素 / 臭素)	はろげん
kliti	x1 は x2 (成分)の粘土	ねんど
klupe	x1 は x2 のための、ねじ山 x3 (ねじ山の間隔・材質)・ねじ穴 x4 (サイズ・材質)のねじ / ボルト	ねじ,ぼると
kluza	x1 は x2 (対象本体)・ x3 (対象箇所)において緩い / 弛んでいる	ゆるい
kobli	x1 は x2 (種類)の葉菜	はな,ようさい
kojna	x1 は x2 (本体)の x3 (材質)の角 / 隅	かど,すみ
kolme	x1 は x2 (起源)の石炭 / 泥炭 / ピート / 無煙炭 / 瀝青炭	せきたん,でいたん,むえんたん,れきせいたん
komcu	x1 は x2 (素材)・ x3 (針状物)からなる櫛 / 梳き具	くし,すきぐ
konju	x1 は 材質 x2 の x3 を頂点とする円錐	えんすい,すいたい
korbi	x1 は x2 の、 x3 に接する端 / へり / 縁 / 境界	きょうかい,さかいめ,はじ,ふち,へり,へんえん
korcu	x1 は曲がっている / 歪んでいる / ねじれている	ねじれ,ひずみ,まがり,ゆがみ
korka	x1 は x2 (木材 / 種類)のコルク	こるく
kosta	x1 は x2 (素材)のコート / ジャケット / マント	がいとう,けーぷ,こーと,しょーる,じゃけっと,せーたー,はおり,はんてん,まんと
kramu	x1 は x2 (数)・ x3 (基準)・ x4 (下位単位)の土着的測量単位	えーかー,つぼ,ふぃーと
krasi	x1 (所 / 事)は x2 (物 / 者 / 事)の起源 / 根源 / 発祥地	きげん,こんげん,はじまり,ほったん,みなもと
krati	x1 は x2 を x3 (事項 / 機能)について代表する; x1 は x2 の代わりを務める	かわり,だいこう,だいひょう,だいり
krefu	x1 (事)は x2 (事)の x3 (数)度目の繰り返し / 再発; x2 は繰り返す	くりかえし,さいはつ
krici	x1 は x2 (命題)を x3 (題目)について信じる	しんじる
krili	x1 は x2 (成分)・ x3 (形状)の水晶 / クリスタル	くりすたる,すいしょう
krinu	x1 (事)は x2 (事)を許容する理由	りゆう
krixa	x1 は x2 (音)を叫ぶ	さけぶ
kruca	x1 は x2 と、 x3 (箇所)で交差する; x1 は x2 を渡る	こうさ,まじわる
kruji	x1 は x2 (成分)のクリーム / 乳濁液(エマルション) / プーリ	えまるしょん,くりーむ,にゅうざい,にゅうじょうえき,にゅうだくえき
kruvi	x1 は x2 (本体)・ x3 (箇所)における x4 (特性)の湾曲; x1 は曲線; x2 は曲がっている	かーぶ,きょくせん,くっきょく,わんきょく
kubli	x1 は x2 (次元)、 x3 (面の数)の立方体 / 正多面体	せいためんたい,りっぽうたい
kucli	x1 は x2 にたいして好奇心がある / 興味を覚える; x1 は詮索好き	こうきしん,たんきゅうしん
kufra	x1 は x2 (環境性質)について快適 / 心地良さを感じる	かいてき,ここちよい,こころよい
kukte	x1 は x2 にとっておいしい / 美味	うまい,おいしい,びみ
kulnu	x1 は x2 (国 / エトス)の文化; x1 は文化的; x2 は文化民族	ぶんか
kumfa	x1 は x2 (構造)内の x3 (壁 / 天井 / 床)で仕切られた部屋 / 室	へや,むろ
kumte	x1 は x2 (種類)のラクダ科動物(ラクダ / ラマ / アルパカ / ビクーニャ等)	らくだ
kunra	x1 は x2 (鉱石 / 原鉱 / 原石)・ x3 (鉱脈 / 鉱床 / 鉱坑 / 鉱山)の鉱物	こうぶつ
kunti	x1 は x2 (内容)が無い; x1 は空っぽ	から
kurfa	x1 は x2 (頂角)・ x3 (次元 / 面)の四角形 / 長方形	しかくけい,しかっけい,しへんけい
kurji	x1 は x2 (物 / 者 / 事)を世話する / 面倒みる	かいほかいほうう,かしずく,せわ,たすける
kurki	x1 は x2 (者)にたいして苦い / ビター	にがい,にがみ,びたー
kuspe	x1 は x2 (間隔 / 領域)にわたる; x2 は x1 の範囲 / 範疇	およぶ,はんい,はんちゅう,りょういき,わたる
kusru	x1 (者)は x2 にたいして酷い / 意地悪 / 不親切	いじわる,ふしんせつ,れいこく
labno	x1 は x2 (種類)の狼	おおかみ
lacpu	x1 は x2 (対象本体)・ x3 (対象箇所)を引く / 引っ張る	ひく
lacri	x1 は x2 に依存して x3 (事 / 状態)の発生 / 保障 / 維持を求める; x1 は x2 を頼りに x3 を期待する	あてにする,いぞん,しんらい,すがる,たよる
ladru	x1 は x2 (起源)のミルク / 牛乳; x1 は乳性 / 酪農の	にゅう,みるく
lafti	x1 (力)は x2 (対象本体)・ x3 (対象箇所)を x4 (重力)に対して持ち上げる / 拾う / すくう	かかげる,けいよう,すくう,ひきあげる,ひろう,もちあげる
lakne	x1 (事)は x2 (条件)でありうる / 起こりうる / 蓋然的	ありそう,おこりそう,おそらく,がいぜん,けだし,たしからしい
lakse	x1 は x2 (起源)の蝋 / パラフィン	ぱらふぃん,ろう
lalxu	x1 は x2 (所)の湖 / 池 / 水たまり	いけ,みずうみ,みずたまり
lamji	x1 は x2 に、 x3 (並列特性)・ x4 (並列方向)で隣接する / 隣り合う; x1 は x2 の隣	となり,りんせつ
lanbi	x1 は x2 (種類)の x3 (アミノ酸配列)で構成されるたんぱく質	たんぱくしつ,ぷろていん
lanci	x1 は x2 を象徴する、 x3 (模様)・ x4 (素材)の旗	はた
lanka	x1 は x2 (内容)・ x3 (素材)のかご / ざる	かご,ざる,ばすけっと
lanli	x1 は x2 を x3 (方法)で分析 / 調査する	しらべる,ちょうさ,ぶんせき
lanme	x1 は x2 (種類)の x3 (群れ)のヒツジ属動物	ひつじ
lante	x1 は x2 (生鮮物)を詰めた、 x3 (素材)の缶容器	かん,かんづめ
lanxe	x1 は x2 (量群)によってバランスがとれている / 平衡 / 均衡状態にある	きんこう,つりあい,ばらんす,へいこう
lanzu	x1 (群)は x2 (成員)の、 x3 (基準)において結ばれている家族 / 部族	いちぞく,かぞく,しぞく,ぶぞく
larcu	x1 (創作物 / 創作過程)は x2 (芸術様式 / 芸術流派)の実践 / 応用; x1 は芸術的	げいじゅつ
lasna	x1 (者)は x2 を x3 に x4 (留め具)で留める / つなげる / くっつける / 縛る	くくる,くっつける,けいし,しばる,しめる,せっちゃく,つぐ,つける,つなぐ,つなげる,とめる,はぐ,むすぶ,ゆわえる
lastu	x1 は x2 (成分)の真鍮(銅 / 亜鉛合金)	おうどう,しんちゅう
latmo	x1 は x2 (性質)に関してラテン / ローマ / ロマンス的	らてん,ろまんす,ろーま
latna	x1 は x2 (種類)の、また社会的に x3 (象徴対象)・ x4 (文化 / 宗教)の蓮 / 睡蓮	すいれん,はす
lazni	x1 (者)は x2 (動作 / 仕事 / 努力 / 事)に関して怠惰 / 怠ける; x1 は x2 を怠る	おこたる,けたい,さぼる,ずるける,たいだ,たいまん,なまける
lebna	x1 は x2 (物 / 性質)を x3 (者)から取る / 得る / 奪う / 盗む / 取り除く / 没収 / 着服する	うばう,える,しゅとく,だっしゅ,とる,ぬすむ,ぼっしゅう
lenjo	x1 は波 x2 を焦点 x3 に集めるための、 x4 (手段 / 材質)によるレンズ / メガネ	めがね,れんず
lenku	x1 は x2 (基準)において冷たい / 涼しい	さむい,すずしい,つめたい
lerci	x1 (事)は x2 (基準)において時期的 / 時刻的に遅い	おそい
lerfu	x1 は x2 (文字体系)において x3 を表す字(文字 / 数字)	じ
libjo	x1 は x2 (性質面)に関してリビア系(言語 / 文化 / 民族 / 地理)	りびあ
lidne	x1 は x2 を、 x3 (序列)において先行する / 先立つ / 率先する; x2 は x1 に続く; x1 は前者; x2 は後者	せんこう
lifri	x1 (者 / 事)は x2 (事)を経験する; x2 に x1 は見舞われる; x2 は経験的 / 実験上 / 実証可能	けいけん,たいけん
lijda	x1 は x2 (信者)・ x3 (信条 / 教条 / 教理 / 慣行 / ドグマ)の宗教 / ミュトス	しゅうきょう
limna	x1 は x2 (液体)中を泳ぐ / 水泳する	およぐ,すいえい
lindi	x1 は x2 (終点)・ x3 (起点)の雷 / 稲妻	いかずち,いなづま,かみなり
linji	x1 は x2 (点集合)の間の線	せん
linsi	x1 は x2 (素材)・ x3 (特性)の鎖 / チェーン	くさり,ちぇーん
linto	x1 は x2 (基準)において軽い / 軽量	かるい,けいりょう
lisri	x1 は x2 (題目 / 筋書 / 教訓)の、 x3 (作者)から x4 (聴者)への物語 / 説話	せつわ,ものがたり
liste	x1 は x2 (集合)を x3 (序列)で x4 (媒体)に表した目録 / カタログ / リスト / 一覧 / 名簿 / ログ	かたろぐ,めいかん,めいぼ,もくろく,りすと
litce	x1 は x2 (数)・ x3 (基準)のリットル量	りっとる
litki	x1 は x2 (成分 / 物質)の、 x3 (条件)における液体 / 流動体	えきたい,りゅうどうたい
litru	x1 は x2 (経路)を x3 (方法)で旅する; x1 は旅人	たび,りょこう
livga	x1 は x2 (本体)の肝臓	かんぞう
livla	x1 は x2 のための燃料	ねんりょう
logji	x1 (原理 / 法則)は x2 (命題)を演繹 / 結論 / 推察するところの論理; x2 は論理的	ろんり
lojbo	x1 は x2 (性質面)に関してロジバン系	ろじばん
loldi	x1 は x2 の床 / 底面	ていめん,ゆか
lorxu	x1 は x2 (種類)のキツネ属動物	きつね
lubno	x1 は x2 (性質面)に関してレバノン系(言語 / 文化 / 民族 / 地理)	ればのん
lujvo	x1 (文字列)は x2 (意味)・ x3 (項)を有する、 x4 (形態素)から作られた合成語・複合語	ごうせいご,ふくごうご
lumci	x1 は x2 の汚れ x3 を洗浄剤 / 用具 x4 で洗う	あらう,せんじょう
lunbe	x1 は裸 / 服無し	はだか,らたい
lunra	x1 は地球の月; x1 は x2 の主要衛星	つき
lunsa	x1 は x2 の表面 / 中で、 x3 (温度)・ x4 (圧力)の条件下で凝結 / 液化する	ぎょうけつ
mabla	x1 は x2 (性質)において、 x3 (基準)で不愉快だ / クソみたいだ / くだらない / 実にひどい / 嘆かわしい / まったくいやだ / あさましい / ひどくみすぼらしい / 粗末だ / 粗悪だ / 卑劣だ / 劣っている; x1 は x2 の点で x3 にとってむかつく / 嫌気がさす / 実に不愉快だ	あさましい,いまわしい,くだらない,げす,げれつ,さもしい,そあく,そまつ,なげかわしい,ひどい,ひれつ,れつあく
mabru	x1 は x2 (種類)の哺乳綱動物	ほにゅうるい
macnu	x1 (事象)は機能 x2 に関して x3 の条件下で手動(自動ではない)	しゅどう
makcu	x1 は x2 (性質)に関して成熟している; x1 は成人 / おとな	せいじゅく
makfa	x1 は x2 (観点)にとって x3 (者)が掛ける魔法 / 妖術 / 超自然的力	まほう,ようじゅつ
maksi	x1 は x2 (磁界)を形成する磁力 / 磁石	じしゃく,じりょく
malsi	x1 は x2 (宗教体系)・ x3 (所)の寺 / 寺院 / 神社 / 教会 / モスク / シナゴーグ	きょうかい,しなごーぐ,しんでん,じいん,じんじゃ,てら,もすく
mamta	x1 は x2 の母親; x1 は母性的	おんなおや,はは
manci	x1 は x2 に畏敬の念を感じる / 驚嘆する; x1 は x2 を摩訶不思議に思う	いけい,おそれる,きょうい,きょうたん
manfo	x1 (物 / 事)は x2 (性質)の点で均一 / 一様 / 同形 / 相同; x1 にはむらが無い	いちよう,きんいつ,きんしつ,どうけい
manku	x1 は暗い / 闇	くらい,やみ
manri	x1 は x2 (事)を x3 (規則)で観察 / 計測 / 審判する際の観点 / 標準 / 基準	かんてん,きじゅん,ひょうじゅん
mansa	x1 は x2 (者)を x3 (性質)に関して満足させる; x2 は x1 に満足している	まんぞく,みちたりる
manti	x1 は x2 (種類)のアリ科	あり
mapku	x1 は x2 (素材)の帽子 / 冠 / 兜 / ヘルメット	かぶと,かんむり,へるめっと,ぼうし
mapni	x1 は綿 / コットン	こっとん,めん
mapti	x1 は x2 にたいして x3 (性質)の点で相応しい / 和合性がある; x1 は x2 に適する / 合う	あう,てきごう,てきする,にあう,ふさわしい
marbi	x1 は x2 を x3 (危険 / 脅威)から護る保護施設 / 避難所 / シェルター	えんたい,かくれば,たいひじょ,にげぱ,ひなんじょ,ほごしせつ
marce	x1 は x2 を x3 (媒体)・ x4 (原動力)で運ぶ輸送機関 / 乗物	のりもの,ゆそうきかん
marde	x1 は x2 (個人 / 群)の、 x3 (事)に関する倫理 / 道徳(律) / モラル	どうとく,もらる,りんり
margu	x1 は水銀 / Hg	すいぎん,みずがね
marji	x1 は x2 (成分)・ x3 (形態)の物質; x1 は物質的 / 形而下	けいじか,ぶっしつ
marna	x1 は x2 (種類)の麻 / 大麻 / マリファナ	あさ,おおあさ,たいま
marxa	x1 (力)は x2 を x3 (パルプ / 泥状態)に潰す	つぶす
masno	x1 は x2 (事)に関して速度的に遅い / のろい / もたもたする	ちどん,にぶい,のろい,のろま,もたつく
masti	x1 は x2 (数)・ x3 (暦)の月	つき
matci	x1 は x2 (素材)の敷物 / マット / むしろ / ござ / たたみ	ござ,しきもの,じゅうたん,たたみ,まっと,まっどれす,むしろ
matli	x1 はリンネル / 亜麻布	あさぬの,あさふ,りんねる
matne	x1 は x2 (原料)のバター / マーガリン / ショートニング(ラード)	しょーとにんぐ,ばたー,まーがりん
matra	x1 は x2 に出力する / を動かすモーター / エンジン / 原動機 / 発動機	えんじん,きかん,げんどうき,でんどうき,はつどうき,もーたー
mavji	x1 は x2 (品種)のカラスムギ粒(オート / エンバク等)	からすむぎ
maxri	x1 は x2 (品種)のコムギ粒	こむぎ
mebri	x1 は x2 (本体)の額 / おでこ	おでこ,ひたい
megdo	x1 は x2 の、 x3 (性質)におけるメガ / 百万 [1 x1 0**6]	めが
mekso	x1 は x2 (原理)の数式 / 数学的表現	けいさんしき,さんしき,すうしき
melbi	x1 は x2 (審美者)にとって x3 (性質)・ x4 (審美基準)において美しい / 綺麗 / 麗しい / ハンサム / かわいい	うつくしい,かれい,かわいい,きらびやか,きれい,けんらん,たんれい,びれい,みめよい,ゆうび
meljo	x1 は x2 (性質面)に関してマレーシア / マレー系(言語 / 文化 / 民族 / 地理)	まれー,まれーしあ
menli	x1 は x2 (本体)の精神 / 心 / 悟性; x1 は心的	こころ,ごせい,せいしん
mensi	x1 は x2 と、 x3 (血縁)によって姉妹関係にある; x1 は x2 の姉 / 妹	しまい
mentu	x1 は x2 (数)分の時間間隔、 x3 (基準)において	ふん
merko	x1 は x2 (性質面)に関してアメリカ合衆国 / USA系(言語 / 文化 / 民族 / 地理)	あめりか,あめりかがっしゅうこく
merli	x1 (者)は x2 (対象)・ x3 (単位数量)を x4 (単位規格)・ x5 (精度)で計測する	けいそく,はかる
mexno	x1 は x2 (性質面)に関してメキシコ系(言語 / 文化 / 民族 / 地理)	めきしこ
midju	x1 は x2 の中央 / 中心 / 中枢 / 真ん中	ちゅうおう,ちゅうしん,ちゅうすう,まんなか
mifra	x1 は x2 (元の文字列)が x3 (暗号体系)によって符号化されたもの; x1 は暗号	あんごう
mikce	x1 は x2 (者)を x3 (病気 / 怪我)について x4 (治療手段)で応接する医者 / 看護士	いしゃ,かんごし
mikri	x1 は x2 の、 x3 (性質)におけるミクロ / 百万分の一 [1 x1 0**-6]	みくろ
milti	x1 は x2 の、 x3 (性質)におけるミリ / 千分の一 [1 x1 0**-3]	みり
milxe	x1 は x2 (性質)の点で温和 / 穏やか / まろやか / マイルド; x1 はあまり x2 ではない	おだやか,おんわ,まいるど
minde	x1 は x2 (者)に x3 (事)が起こるよう / を行うよう命令 / 指令 / 指図する	しじ,しれい,めいずる,めいれい
minji	x1 は x2 (機能 / 用途)の機械	きかい
minli	x1 は x2 (数)の、 x3 を下位単位とする、 x4 (規格圏)の里 / マイル(非メートル法 / 土着的な距離単位)	まいる,り
minra	x1 は x2 (物 / 放射)を x3 (観察者 / 基点)にたいして x4 として反映する; x2 は x1 に反射する; x1 は鏡	かがみ
mintu	x1 は x2 と、 x3 (基準)において同種	おなじ,どういつ
mipri	x1 は x2 を x3 から、 x4 (方法)によって匿う / 隠す / 秘密にする	かくす,かくまう,ひみつ
mirli	x1 は x2 (種類)のシカ科動物	しか
misno	x1 (人 / 物 / 事)は x2 (群)の間で有名	ゆうめい
misro	x1 は x2 (性質面)に関してエジプト系(言語 / 文化 / 民族 / 地理)	えじぷと
mitre	x1 は x2 (数量)・ x3 (方向)・ x4 (基準)のメートル; x1 は x2 メートル	めーとる
mixre	x1 は x2 (成分)を混ぜ合わせたもの / 調合したもの	こんごう,ちょうごう
mlana	x1 は x2 の脇 / 横に位置する( x3 を正面に見る x4 から見たとき)	かたわら,そば,わき
mlatu	x1 は x2 (種類)のネコ科動物(チーター / イエネコ / ヤマネコ / ヒョウ / ピューマ等)	ねこ
mleca	x1 は x2 よりも、 x3 (性質)に関して x4 (数量)ほど劣る / 少ない	おとる,すくない
mledi	x1 は x2 (種類)の、 x3 (寄生先)で育つ菌類	きん
mluni	x1 は x2 を周回する、 x3 (衛星特性)・ x4 (軌道特性)の衛星	えいせい
mokca	x1 は x2 (時間 / 空間)における点; x1 は0次元	てん
moklu	x1 は x2 (本体)の口	くち
molki	x1 は x2 (生産過程)に携わる製造場 / 製錬場 / 鋳造場	せいさんらいん,せいふんじょ,せいれんじょう,ちゅうぞうじょう
molro	x1 は x2 (数)・ x3 (基準)のモル	もる
morji	x1 は x2 (命題)を x3 (題目)について思い出す / 回想する	おもいだす,かいそう
morko	x1 は x2 (性質面)に関してモロッコ系(言語 / 文化 / 民族 / 地理)	もろっこ
morna	x1 は x2 (様式 / 事)が x3 (構造)で表れているパターン / 型	かた,ぱたーん
morsi	x1 は死んでいる / 生が無い	し
mosra	x1 は x2 (物)と x3 (物)の接触による摩擦; x2 は x3 に擦れる	すれる,まさつ
mraji	x1 は x2 (品種)のライムギ粒	らいむぎ
mrilu	x1 は x2 (郵便物 / 手紙 / Eメール)を x3 (終点)に x4 (始点)から x5 (ネットワーク / システム)によって送達する	ゆうそう,ゆうびん
mruli	x1 は x2 を叩くための、 x3 (錘 / 頭部)を持ち x4 で駆動される槌 / ハンマー	つち,はんまー
mucti	x1 は非物質的 / 無形 / 形而上的	けいじじょう,むけい
mudri	x1 は x2 (種類)の木 / 木材	もくざい
mukti	x1 (事)は x2 (事)を x3 (者)に動機する; x3 は x1 に鼓舞されて x2 をする	どうき
mulno	x1 (事)は完了している; x1 は x2 (性質)に関して、 x3 (観点)において包括的 / 総体的	かんりょう
munje	x1 は x2 (領域 / 分野)・ x3 (法則・原理)の世界	せかい
mupli	x1 は x2 (性質)を x3 (集合)について表す例 / 標本 / サンプル / 件	さんぷる,ひょうほん,れい
murse	x1 は x2 (日)・ x3 (所)の日の出 / 日没 / 黎明	うすあかり,たそがれ,にちぼつ,にっしゅつ,はくぼ,はくめい,ひぐれ,ひので,びこう,ゆうぐれ,よあけ,れいめい
murta	x1 は x2 を遮る / 隠す、 x3 (素材)のカーテン / 窓掛け / ブラインド / 幕 / どんちょう	かーてん,どんちょう,ぶらいんど,まく,まどかけ
muslo	x1 は x2 (性質面)に関してイスラム教系	いすらむきょう
mutce	x1 は x2 (性質)に関して、 x3 (極性)に対して凄い; x1 はとても x2	とても
muvdu	x1 (物)は x2 (終点)に x3 (始点)から x4 (経路)にわたって動く; x1 は動的	うごく,どうてき
muzga	x1 は x2 を保存する(展示することもある) x3 (所)の博物館 / 美術館	はくぶつかん,びじゅつかん
nabmi	x1 (事)は x2 が遭遇した、 x3 (状況 / 課業)における問題; x1 は x2 に熟考を要する	もんだい
nakni	x1 は x2 (生物種)の、 x3 (体現性質)に基づく男性 / 雄; x1 は男性的	おす
nalci	x1 は x2 (本体)の翼	つばさ
namcu	x1 は数 / 量 / 値	あたい,かず,りょう
nanba	x1 は x2 (種類 / 原料 / 穀物)のパン	ぱん
nanca	x1 は x2 (数(初期設定では1年))年間、 x3 (基準)で継続する; x1 は年次	ねん
nandu	x1 は x2 にとって、 x3 (条件)のもと難しい / 難関	なん,むずかしい,むつかしい
nanla	x1 は x2 (年齢)・ x3 (基準)の少年 / 未成熟の男	しょうねん
nanmu	x1 は男(の人)	おとこ,だんせい
nanvi	x1 は x2 の、 x3 (性質)におけるナノ / 十億分の一 [1 x1 0**-9]	なの
narge	x1 は x2 (種類)・ x3 (殻)・ x4 (核 / 仁)の実(み) / 堅果	けんか
narju	x1 は橙色 / オレンジ色	おれんじいろ,だいだいいろ
natfe	x1 (命題)は x2 (命題)と x3 (規則 / 論理)の下で矛盾する / を否定する	ひてい
natmi	x1 は x2 (成員)からなる民族	みんぞく
navni	x1 は x2 (元素)の貴ガス	きがす
naxle	x1 は x2 (終点)・ x3 (起点)・ x4 (経路)の運河 / 海峡	うんが,かいきょう
nazbi	x1 は x2 (生体)・ x3 (鼻腔)の鼻	はな
nejni	x1 は x2 (種類)・ x3 (形態)のエネルギー	えねるぎー
nelci	x1 は x2 (物 / 事)を好む / 好き / 気に入っている	きにいる,このむ,すき
nenri	x1 は x2 の中(にある); x1 は内部 / 内側; x2 は x1 を内蔵する	うち,ないぶ
nibli	x1 は x2 (事)を x3 (法則 / 論理 / 体系)において余儀なく含意する / もたらす; x1 によって x2 は絶対 / まちがいなく起こる	がんい,ないがん,ひつぜん
nicte	x1 は x2 (日)の x3 (場所)における夜	やかん,よる
nikle	x1 はニッケル(Ni)	にっける
nilce	x1 は x2 (場所)に設置される x3 (目的 / 機能)のための家具 / 調度品 / 備品	かぐ,ちょうど,びひん
nimre	x1 は x2 (種)のかんきつ類 / ミカン属	かんきつるい,みかんぞく
ninmu	x1 は女(の人)	おんな,じょせい
nirna	x1 は x2 (本体)の神経(神経網) / ニューロン	しんけい,にゅーろん
nitcu	x1 は x2 を x3 (目的 / 行動)のために要する; x2 が x1 には必要	ひつよう,ようする
nivji	x1 (者)は x2 (布 / 物)を x3 (紡ぎ糸 / 繊維)で編む	あむ
nixli	x1 は x2 (年齢)・ x3 (基準)の少女 / 未成熟の女	しょうじょ
nobli	x1 は x2 (基準)において高貴 / 高潔 / 気高い / 上流階級 / 貴族 / エリート	えりーと,きぞく,けだかい,こうき,こうけつ,たいしん,とうとい,やんごとない,ゆうしゃく
notci	x1 は x2 (題目)・ x3 (作者)・ x4 (読者)の覚え書き / メッセージ / メモ	おぼえがき,こくち,ことづけ,つうこく,つうたつ,つうち,でんごん,めっせーじ,めも
nukni	x1 は深紅色 / マゼンタ	こうししょく,まぜんた
nupre	x1 (者)は x2 (事)を x3 (者)に約束する	せいやく,ちかう,やくす,やくそく
nurma	x1 は x2 (地域)の田舎 / 農村; x1 は田舎っぽい / 牧歌的 / “ダサい”	いなか,のうそん
nutli	x1 は x2 (尺度 / 状態関係)において中性 / 中立; x1 を中間点として x2 が対立する	ちゅうせい,ちゅうりつ
nuzba	x1 は x2 (題目)・ x3 (情報源)の、 x4 (聴衆)へのニュース / 新報	しんぽう,にゅーす
pacna	x1 は x2 (事)を x3 (見込み / 確率 0-1)で期待する / 希望する / 願う; x2 は望まれている	きぼう
pagbu	x1 は x2 (本体)の部分 / 部品 / 要素; x2 は部分的に x1	いちぶ,ぶひん,ぶぶん,ようそ
pagre	x1 は x2 (対象)を x3 (側)へ x4 (側)から通過する / 貫通する / 通り抜ける	かんつう,つうか,つきぬける,つきやぶる,つらぬく,とおりぬける
pajni	x1 は x2 (抽象(事 / 性質 / 量 / 真理値))について判断する / 審判する / 仲裁する	さいてい,しんぱん,ちゅうさい,ちょうてい,はんだん,はんてい
palci	x1 は x2 (基準)において悪質 / 非道 / 堕落的	あくしつ,あくらつ,かんあく,かんけつ,かんじゃ,ごくどう,じゃあく,だらく,ひどう,よこしま
palku	x1 は x2 (素材)のズボン / スラックス / パンツ(女性用)	すててこ,すぱっつ,すらっくす,ずぼん,ぱんつ,ももひき,れぎんす
palne	x1 は x2 (内容)・ x3 (素材)の盆 / トレイ	とれい,ぼん
palta	x1 は x2 (素材)の皿	さら
pambe	x1 は x2 (内容)を x3 に x4 から x5 (方法)で送るポンプ / 揚水器	ぽんぷ,ようすいき
panci	x1 は x2 (起源)の、 x3 (嗅覚者)によって感知される匂い / 薫り	かおり,におい
pandi	x1 (者)は x2 (表現)に x3 (記号 / 言葉)を打ち、 x4 (構文的 / 意味的効力)をもたらす; x3 は句読点	くぎる
panje	x1 はスポンジ状 / 多孔性	すぽんじ
panka	x1 は x2 (共同体 / 政体 / 企業)・ x3 (目的)の公園 / 敷地	こうえん,ほごく,ほごち
panlo	x1 は x2 (塊)のスライス / 薄切り	うすぎり,すらいす
panpi	x1 は x2 と平和 / 和平の関係にある; x1 は平和な状態にある	へいわ,わへい
panra	x1 は x2 に、 x3 (性質)の相違を伴いながら、 x4 (基準)において対応する / 並立的である	こくじ,へいこう,へいれつ
pante	x1 は x2 (事)について x3 (者)宛てに x4 (行動)で抗議する / 異議を唱える / 苦情を訴える	あらがう,こうぎ,はむかう
panzi	x1 は x2 (親)の生物学的子孫	しそん
papri	x1 は x2 (本 / 書類)のページ	ぺーじ
parbi	x1 は x2 (数量 / 被除数)の、 x3 (数量 / 除数)にたいする比 / 比率	ひ,ひりつ
pastu	x1 は x2 (素材)のガウン / 長衣	がうん,ちょうい
patfu	x1 は x2 の父親	おとこおや,ちち
patlu	x1 は x2 (種類)のジャガイモ / サトイモ	さといも,じゃがいも
patxu	x1 は x2 (内容)・ x3 (素材)の壷 / 鉢 / かめ / やかん / ポット	かめ,つぼ,なべ,はち,やかん
pelji	x1 は x2 (資源)の紙	かみ
pelxu	x1 は黄色	き,きいろ
pemci	x1 は x2 (特徴)・ x3 (作者)・ x4 (読者)の詩	し
penbi	x1 は x2 (インク)の、手順 x3 に従って使われるペン・筆	ふで,ぺん
pencu	x1 は x2 に、 x3 が x4 に接する形で触る	さわる,せっしょく
pendo	x1 (者)は x2 (者)の友人; x1 は x2 にたいして友好的	とも,ゆうこう,ゆうじん
penmi	x1 は x2 に x3 (所)で会う	あう,めんかい
pensi	x1 は x2 (概念)について思慮する / 考慮する / 熟考する / 思いを巡らす; x2 は考え深い	おもいみる,おもんぱかる,こうりょ,しりょ,じゅくこう
perli	x1 は x2 (種類)のナシ属植物	なし
pesxu	x1 は x2 (素材)の練り物 / 捏ね物 / のり / ペースト	げんだくえき,でいしょう,どろ,ぬかるみ,ねりこ,ねりもの,のり,ぺーすと,ぱるぷ
petso	x1 は x2 の、 x3 (性質)におけるペタ / 千兆[1 x1 0**15]	ぺた
pezli	x1 は x2 (植物)の葉	は
picti	x1 は x2 の、 x3 (性質)におけるピコ / 一兆分の一 [1 x1 0**-12]	ぴこ
pijne	x1 は x2 (物)を留める、 x3 (素材 / 性質)の鋲 / ピン杭	かけくぎ,くい,せん,とめくぎ,とめばり,ぴん,ぺぐ,まちばり
pikci	x1 は x2 (者)に x3 (事 / 物)を請う / せがむ / 懇願する / 嘆願する	こいねがう,こう,こんがん,こんせい,たのみこむ,たんがん,ねだる
pikta	x1 は x2 (者)を x3 (事)について x4 (条件)で許容する券 / 切符 / チケット	きっぷ,けん,ちけっと
pilji	x1 は x2 ・ x3 を乗算したもの; x2 かける x3 は x1	じょうざん
pilka	x1 は x2 を覆う皮 / 外面 / 表層	かひ,かわ,がいそう,がいひ,ひょうひ
pilno	x1 は x2 (道具 / 機械 / 者)を x3 (目的)のために使う / 用いる	しよう,つかう,もちいる
pimlu	x1 は x2 (生体)の羽 / 羽毛	うもう,はね
pinca	x1 は x2 (生体)の尿	にょう
pindi	x1 は x2 (性質)に関して貧乏 / 貧しい / 貧窮している	ひんきゅう,びんぼう,まずしい
pinfu	x1 は x2 (拘束者)の x3 (収容方法)による囚人; x1 は囚われの身	しゅうじん,とらわれ
pinji	x1 は x2 (本体)のペニス(陰茎) / クリトリス(陰核)	いんかく,いんけい,くりとりす,ぺにす
pinka	x1 は x2 (主題)・ x3 (作者)・ x4 (読者)のコメント / 評言; x3 は x2 について x1 をコメントする	こめんと,ひょうげん,ひょうする
pinsi	x1 は芯 / 先端 x2 (材質)・支持部 x3 (材質)の鉛筆 / クレヨン / 筆	えんぴつ,くれよん,すたいらす,せきひつ,せんぴつ,てっぴつ,ふで
pinta	x1 は x2 (基準)において水平	すいへい,よこ
pinxe	x1 は x2 (液体)を x3 (容器 / 起源)から飲む	のむ
pipno	x1 は鍵盤楽器(ピアノ / ハープシコード / シンセサイザー / オルガン)	けんばんがっき
pixra	x1 は x2 (主題)・ x3 (作者)・ x4 (媒体)の絵 / 画 / 写真 / 造形; x3 は x2 を描いて x1 を創る	いにすと,え,かいが,が,がぞう,さしえ,しゃしん,ずえ,ずが,そうが
plana	x1 は x2 (基準)において太っている / 肥満 / でぶ	でぶ,ひまん,ふとっちょ,ふとっている
platu	x1 (者)は x2 (物 / 事)を x3 (事)のために計画 / 設計 / デザインする / 企てる	きかく,くわだてる,けいかく,けいりゃく,さくりゃく,せっけい,りつあん
pleji	x1 は x2 (金 / 報酬)を x3 (者)に x4 (対価 / 商品 / サービス)のために支払う	しはらう,しべん
plibu	x1 は x2 (本体)の陰部	いんぶ,せいしょくきかん
plini	x1 は x2 を周る、 x3 (惑星特性)・ x4 (軌道特性)の惑星	わくせい
plipe	x1 (者 / 物)は x2 (終点)に x3 (起点)から x4 (高さ)ほど x5 (動力)によって跳躍 / ジャンプする	じゃんぷ,ちょうやく
plise	x1 は x2 (種類)のリンゴ属植物	りんご
plita	x1 は x2 (点の集合)による二次元の面(平面)	にじげんくうかん,へいめん,めん
plixa	x1 (者)は x2 を x3 (道具)・ x4 (動力)で耕す / すき込む	すきこむ,すく,たがやす
pluja	x1 は x2 (性質)が x3 (基準)において複雑 / 煩雑	いりくむ,こみいる,はんざつ,ふくざつ
pluka	x1 (事)は x2 にとって、 x3 (条件)のもと快い / 心地良い	きもちがよい,きもちのよい,ここちよい,こころよい,たのしい,ゆかい,よろこばしい
pluta	x1 は x2 (終点)・ x3 (起点)・ x4 (途中の点の集合)の経路 / 道筋	けいろ,しんろ,みちすじ
polje	x1 (力)は x2 (対象本体)・ x3 (対象箇所)をシワにする / 折り目をつける	おる,たたむ
polno	x1 は x2 (性質面)に関してポリネシア / オセアニア系(言語 / 文化 / 民族)	おせあにあ,ぽりねしあ
ponjo	x1 は x2 (性質面)に関して日本 / ジャポニカ系(言語 / 文化 / 民族)	じゃぽにか,にっぽん,にほん
ponse	x1 は x2 を x3 (法 / 慣習)のもと所有する	しょゆう,ゆうする
porpi	x1 は砕けて / 壊れて x2 (破片)になる	くだける
porsi	x1 (並んだ集合)は x2 (規則 / 基準)に従って x3 (不整理の集合)を序列 / 順番化したもの; x1 は列 / 連続体	じょれつ,はいれつ,れんぞくたい
porto	x1 は x2 (性質面)に関してポルトガル系(言語 / 文化 / 民族)	ぽるとがる
prali	x1 は x2 にとっての、 x3 (行動 / 過程)によって得られた利益; x2 は x3 によって利する; x1 は x2 にとっての利点 / アドバンテージ	おんけい,べんぎ,りえき,りてん,りとく
prami	x1 は x2 を愛する / にたいして愛情が湧く	あい
prane	x1 は x2 (性質)に関して完全 / 完璧 / 無傷 / 非の打ち所が無い	かんぜん,かんぺき,じゅうぜん,ばんぜん,まんてん,むきず,むけつ
preja	x1 は x2 (拡張範囲)に x3 (初期範囲)から広がる	ひろがる
prenu	x1 は(心理学上の)人; x1 は人格を有する	にんげん
preti	x1 (文字列)は x2 (題目)に関する、 x3 (者)から x4 (者)への質問 / 質疑	しつぎ,しつもん,とい
prije	x1 は x2 (事)に関して、 x3 (基準)において賢い	かしこい,けんじゃ
prina	x1 は x2 (媒体)・ x3 (装置)による印刷物 / プリント	いんえい,いんさつぶつ,こくいん
pritu	x1 は x2 に対して x3 (照合枠)における右方 / 右側	うほう,みぎ
prosa	x1 は x2 (主題)・ x3 (作者)・ x4 (読者)の散文	さんぶん
pruce	x1 は、 x2 (入力)・ x3 (出力)・ x4 (段階)の過程 / プロセス	かてい,ぷろせす
pruni	x1 は弾性がある / 柔らかい / 伸縮可能	しなやか,だんせい
pruxi	x1 は魂 / 霊; x1 は霊的	たましい,れい
pulce	x1 は x2 (起源)の、 x3 (媒体 / 表面)における塵 / 沈殿物	じんあい,だすと,ちり,ちんでんぶつ,ふんじん,ほこり
pulji	x1 は x2 (法 / 治安)を守る警察(官)	けいかん,けいさつかん
pulni	x1 は x2 (機能 / 動作)の、 x3 (軸)を回る滑車装置	かっしゃそうち
punji	x1 は x2 を x3 (所)に置く / 設置する	おく,せっち
punli	x1 は x2 (箇所)における、 x3 (素材)の突起 / 隆起 / ふくらみ / 凸	でこ,とっき,ふくらみ,りゅうき
purci	x1 は x2 (時点)よりも以前 / 過去; x1 は先人	いぜん,かこ
purdi	x1 は x2 (家族 / 共同体 / 農耕者)・ x3 (繁殖物 / 作物)の庭	ていえん,にわ
purmo	x1 は x2 (物質)の粉	こな,ふんまつ
racli	x1 (行動)は x2 (基準)において理性的 / 正気 / 穏健	おんけん,ごうりてき,しょうき,りせいてき
ractu	x1 は x2 (種類)のウサギ目(もく)動物	うさぎ
radno	x1 は x2 (数)・ x3 (基準)のラジアン / 弧度	こど,らじあん
rafsi	x1 (文字列)は x2 (語)の x3 (部位 / 性質)に由来する、 x4 (言語)の形態素 / 語基 / 語幹 / 接辞	けいたいそ,ごかん,ごき,せつじ
ragve	x1 は x2 (境界)を x3 (側)に対して横断する / またいでいる; x1 は x3 の反対側	おうだん,はんたいがわ,むかいがわ,むこうがわ,よこぎる
rakso	x1 は x2 (性質面)に関してイラク系(言語 / 文化 / 民族)	いらく
raktu	x1 は x2 (者)にとって x3 (問題)を起こす厄介 / 迷惑 / 困難	さしもつれ,とらぶる,なやます,はんるい,めんどう,やっかい,わずらわす
ralci	x1 は x2 (性質)に関して繊細 / 精巧 / デリケート; x1 には x2 の機微がある	せいこう,せいみつ,せんさい,せんれん,ぜいじゃく,でりけーと,びみょう,もろい
ralju	x1 は x2 (集合)・ x3 (性質)において主要 / 大本	おも,しゅよう
ralte	x1 は x2 を保持 / 維持する	いじ,たもつ,ほじ,ほゆう,ほりゅう
randa	x1 は x2 (力 / 者)にたいして x3 (条件)のもと降伏 / 降参 / 譲歩する	こうさん,こうふく,じょうほ,ふくする
rango	x1 は x2 (生体)・ x3 (機能)の内臓	ないぞう
ranji	x1 (事 / 性質)は x2 (時間 / 期間)にわたって継続する / 続く	けいぞく,つづく
ranmi	x1 は x2 についての・ x3 (神話世界)・ x4 (文化)における神話 / 伝説 / おとぎ話	いいつたえ,しんわ,でんせつ
ransu	x1 は x2 (成分)の青銅	せいどう
ranti	x1 は x2 (力)にたいして x3 (条件)のもと軟らかい	じゃうなん,やわらかい
ranxi	x1 (事)は x2 (予想 / 期待)に x3 (性質)の点で反する / 皮肉的	ひにく
rapli	x1 (動作)は x2 (回数)にわたって繰り返す / 循環 / 反復する	くりかえす,はんぷく
rarna	x1 は自然 / 天然 / 本能的 / 自発的	しぜん,じはつてき,せいりてき,そぼく,てんねん,ほんぜん,ほんねん,ほんのうてき
ratcu	x1 は x2 (種類)のクマネズミ属	くまねずみ,どぶねずみ,らっと
ratni	x1 は x2 (元素 / 原子番号)・ x3 (原子量)の原子	げんし
rebla	x1 は x2 (本体)の尾 / しっぽ	お,しっぽ
rectu	x1 は x2 (生体)の肉	にく
remna	x1 は生物学的ヒト / ホモサピエンス	ひと,ほもさぴえんす
renro	x1 は x2 を x3 (方向)に投げる	とうしゃ,なげる
renvi	x1 は x2 (事)を x3 (時間 / 期間)にわたって耐え抜く / 辛抱する / 我慢する; x1 は長持ちする	がまん,こらえる,しのぐ,しのぶ,しんぼう,たえる
respa	x1 は x2 (種類)の爬虫綱 / 爬虫類(カメ / トカゲ / ヘビ / ワニ)	はちゅうこう,はちゅうるい
ricfu	x1 は x2 (性質)に関して裕福 / 豊か	ゆうふく,ゆたか
rigni	x1 は x2 (者)にとって x3 (条件)において不快 / 不愉快 / いまいましい / 吐き気をもよおさせる; x2 は x1 に愛想を尽かす / 嫌悪感を覚える	いまいましい,ふかい
rijno	x1 は銀(Ag)	ぎん
rilti	x1 は x2 (形態)のリズム / 律動 / 調子 / 拍子	ちょうし,ちょうし,ひょうし,りずむ,りつどう
rimni	x1 は x2 (音声)・ x3 (言語 / 音韻論)・ x4 (性質)について韻を踏む	いん
rinci	x1 は x2 (起源)から x3 (排出口)を通って x4 (力)によって排出される	はいしゅつ,はいすい,ろか
rinju	x1 は x2 (抑制力)によって x3 (事)にたいして拘束 / 制限されている; x1 は x2 のせいで x3 ができない; x2 は x1 を束縛する	こうそく,そくばく,りゅうち
rinka	x1 (事)は x2 (事)を x3 (条件)において引き起こす	げんいん
rinsa	x1 は x2 の到着 / 出発に際して x3 (動作)で挨拶する	あいさつ
rirci	x1 は x2 (性質)に関して、 x3 (集合)において珍しい / 稀有	けう,めずらしい
rirni	x1 は x2 の育ての親 / 保護者 / 保育者 / 養育者; x1 は x2 を育てる	そだてる,よういく
rirxe	x1 は x2 (土地)の x3 (流域)が x4 (河口)に流れる河川	かせん,かわ
rismi	x1 は x2 (品種)の米粒	こめ
risna	x1 は x2 (本体)の心臓	しんぞう
ritli	x1 は x2 (目的)・ x3 (慣習 / 共同体)・ x4 (形態 / 規則)の儀式; x1 は形式的 / かしこまっている	ぎしき
rivbi	x1 は x2 (事)を x3 (事)によって避ける / 回避する / 逃れる	かいひ,さける,のがれる
rokci	x1 は x2 (成分)・ x3 (産地)の岩 / 石	いし,いわ
romge	x1 は x2 (金属)でめっきされている	ときん,めっき
ropno	x1 は x2 (性質面)に関してヨーロッパ系(言語 / 文化 / 民族 / 地理)	おうしゅう,よーろっぱ
rorci	x1 は x2 (子)を x3 との間にもうける	せいしょく,もうける
rotsu	x1 は x2 (次元 / 方向)・ x3 (基準)において太い / 厚い	あつい,ふとい
rozgu	x1 は x2 (種類)のバラ属植物	ばら
ruble	x1 は x2 (性質)・ x3 (基準)において弱い / ひ弱 / 虚弱 / 微弱 / 華奢	きょじゃく,ひよわ,びじゃく,よわい
rufsu	x1 は粗い / ざらざら / ごわごわ	あらい,ごわごわ,ざらざら,ざらつく
runme	x1 は x2 (温度)と x3 (圧力)において融解する; x1 は溶ける	とける,ゆうかい
runta	x1 は x2 (溶媒)の中で分解 / 分散し、 x3 (溶液)を成す、 x4 (条件)において; x1 はばらける	とける,ばらける,ぶんさん,ようかい
rupnu	x1 は x2 (数量)の、 x3 (通貨体系)の上位単位 / 円 / ドル / ユーロ	えん,どる,ゆーろ
rusko	x1 は x2 (性質面)に関してロシア系(言語 / 文化 / 民族)	ろしあ
rutni	x1 は民族 x2 が作った / 生み出した人工物 / 人為的な物	じんこう
sabji	x1 は x2 (物)を x3 (者)に供給 / 提供する供給源	きょうきゅう
sabnu	x1 は x2 (乗物)の車両	しゃりょう
sacki	x1 は x2 (素材 / 仕組)による発火装置	かき,はっかそうち
saclu	x1 (数)は x2 (分数)・ x3 (底)の小数	しょうすう
sadjo	x1 は x2 (性質面)に関してサウジアラビア系(言語 / 文化 / 民族)	さうじあらびあ
sakci	x1 は x2 (低圧下のもの)を x3 (高圧下のもの)で吸う / 吸引する	きゅういん,すう
sakli	x1 は x2 を滑る	しょうどう,すべる
sakta	x1 は x2 (資源)・ x3 (成分)の砂糖 / 果糖 / ブドウ糖 / 乳糖	とう
salci	x1 は x2 (事)を x3 (行動)で祝う / 礼拝する	いわう,しゅくが
salpo	x1 は x2 (角度)で x3 (基準線)にたいして傾斜している / 勾配がある	けいしゃ,こうばい
salta	x1 (群)は x2 (食材)のサラダ	さらだ
samcu	x1 は x2 (種類)のキャッサバ / タロイモ / ヤムイモ	きゃっさば,たろいも,やむいも
sampu	x1 は x2 (性質)に関して簡単 / 単純	たんかん,たんじゅん
sance	x1 は x2 が発する音; x2 は音がする	おと
sanga	x1 は x2 (音楽)を x3 (聴衆)に歌う / 詠唱する	うたう,かしょう
sanji	x1 は x2 (物 / 事)について意識がある; x1 は x2 を意識 / 認識している	いしき,じかく,にんしき,にんち,みとめる
sanli	x1 は x2 (所)に x3 (脚 / 支え)で立つ	たつ,りつい
sanmi	x1 (群)は x2 (品 / コース)の食事 / ごはん	ごはん,しょくじ
sanso	x1 は x2 (用途)・ x3 (成分)のソース / トッピング / グレイビー / 糖衣	うわがけ,かけじる,そーす,たれ,つけじる,とうい,とっぴんぐ
santa	x1 は x2 を x3 から護る、 x4 (素材)・ x5 (支え)の傘	かさ
sarcu	x1 (抽象)は x2 (状態 / 過程)のために x3 (条件)のもと必須 / 欠かせない	ひっす
sarji	x1 は x2 を x3 (力 / 抵抗)にたいして x4 (仕組 / 道具 / 手段)によって補強する / 支持する	ささえる,しじ,ほきょう
sarlu	x1 は x2 (端 / たん)・ x3 (次元)の螺旋 / 渦巻き	うずまき,らせん
sarxe	x1 は x2 と x3 (性質)の点で調和 / 和合している / なごみ合っている	いっち,がっち,ちょうわ,わごう
saske	x1 (事実群)は x2 (題目)・ x3 (方法論)の科学的知識	かがく
satci	x1 は x2 (基準)に関して x3 (性質 / 数量)の点で精確	せいかく
satre	x1 は x2 を x3 でなでる / 愛撫する	あいぶ,なでる
savru	x1 は x2 (者)・ x3 (知覚体系)にたいする騒音 / ノイズ	そうおん,のいず
sazri	x1 は x2 を x3 (目的)のために操作する	あやつる,そうさ
sefta	x1 は x2 (もの)・ x3 (側)・ x4 (境)の表面	ひょうめん
selci	x1 は x2 (本体)の細胞 / 分子 / 原子 / 最小単位	げんし,さいぼう
selfu	x1 (者)は x2 (者)に x3 (行動)によって奉仕する; x1 は x2 の使用人	つかえる,ほうし
semto	x1 は x2 (性質面)に関してセム系(言語 / 文化 / 民族)	せむ
senci	x1 はくしゃみする	くしゃみ
senpi	x1 は x2 (命題)の真実性を疑う; x2 は信憑性に欠ける	うたがう,かいぎ
senta	x1 は x2 (素材)・ x3 (構造)の層 / レイヤー	そう,れいやー
senva	x1 は x2 (事)を夢見る; x2 は夢想 / 幻想	ゆめ
sepli	x1 は x2 から x3 (区分 / 壁 / 間)によって離れている	ぶんり
serti	x1 は x2 (構造)・ x3 (段数)の階段	かいだん
setca	x1 (者)は x2 を x3 に挿入する; x2 は x3 に挟まれている	おしいれる,そうにゅう
sevzi	x1 は x2 (者)の自己 / 自我 / 自分のイメージ	じが,じこ
sfani	x1 は x2 (種類)のハエ目(もく)昆虫	はえ
sfasa	x1 (者)は x2 (者)を x3 (違反 / 侵害)のために x4 (罰)でこらしめる / 罰する / 折檻 / 懲戒する	こらしめる,せっかん,ちょうかい,ばつ
sfofa	x1 はソファ / カウチ	かうち,そふぁ
sfubu	x1 は x2 に x3 から飛び込む / 飛び降りる	とびおりる,とびこむ
siclu	x1 は x2 (音)をさえずる	さえずる
sicni	x1 は x2 (発行源)・ x3 (価値)・ x4 (素材)の硬貨 / コイン	こいん,こうか
sidbo	x1 (抽象)は x2 (物 / 事)の、 x3 (思考者)による概念 / 観念 / アイディア / コンセプト	あいでぃあ,かんねん,がいねん,こんせぷと
sidju	x1 は x2 (者)を x3 (行動 / 事)に関して助ける	じょりょく,たすける
sigja	x1 は x2 (葉 / 物質)・ x3 (製造者)の巻きタバコ / 葉巻 / シガー	しがー,たばこ,はまき
silka	x1 は x2 が生み出す絹 / シルク	きぬ,しるく
silna	x1 は x2 (資源)・ x3 (成分)の塩	えん,しお
simlu	x1 は x2 (性質)であるよう x3 (者)に x4 (状態条件)の下で見受けられる; x1 は x2 らしい気が x3 にする	おぼしい,おもわれる,みうけられる,らしい
simsa	x1 は x2 に、 x3 (性質)の点で似ている / 相似的; x1 は x2 のよう	そうじ,にかよう,にかよる,にている,にてる,るいじ
simxu	x1 (集合)は x2 (事 / 性質)の点で相互的 / 共通し合っている	そうご,たがい
since	x1 は x2 (種類)のヘビ亜目動物(コブラ / ボア / ニシキヘビ等)	へび
sinma	x1 は x2 を尊重・尊敬する; x2 は尊い	そんけい,とうとぶ
sinso	x1 は x2 (角度 / 逆正弦)のサイン / 正弦	さいん,せいげん
sinxa	x1 は x2 (意味 / 指示対象)の、 x3 (者)にたいする記号 / 表象 / 象形 / 象徴 / サイン / シンボル	あいず,きごう,さいん,しょうけい,しょうちょう,しんごう,しんぼる,ひょうしき,ひょうしょう
sipna	x1 は寝ている; x1 は眠る	すいみん,ねむる
sirji	x1 は x2 ・ x3 の間でまっすぐ / 直線的 / 直接的	いっちょくせん,ちょくせん,まっすぐ
sirxo	x1 は x2 (性質面)に関してシリア系(言語 / 文化 / 民族)	しりあ
sisku	x1 は x2 (性質)を x3 (集合)の中に探し求める / 模索する	さがす,もさく
sisti	x1 (者)は x2 (動作 / 過程 / 状態)をやめる / 中止 / 終了する	しゅうりょう,ちゅうし,やめる
sitna	x1 は x2 を x3 (情報 / 発言)のために引用 / 参照する	いんよう,さんしょう
sivni	x1 (物 / 事)は x2 (者)にとって内密 / 私的 / プライベート	してき,ないみつ,ぷらいべーと
skaci	x1 は x2 (素材)のスカート / キルト	きると,すかーと
skami	x1 は x2 (目的 / 機能)のコンピュータ	けいさんき,こんぴゅーた
skapi	x1 は x2 (起源)の(特に動物性の)革 / 皮膚 / 肌	かわ,はだ,ひふ
skari	x1 は x2 (色相)の、 x3 (視覚者)にたいする、 x4 (条件)における色	いろ,しきさい
skicu	x1 (者)は x2 (物 / 事 / 状態)を x3 (者)に x4 (表現 / 文字列)によって描写 / 叙述する	かきあらわす,きじゅつ,ちょじゅつ,びょうしゃ
skiji	x1 は x2 (表面)を x3 (者 / 荷)が滑るためのスキー板 / そり / スケート	すきーいた,すけーとぐつ,そり
skina	x1 は x2 (内容)・ x3 (制作者)・ x4 (視聴者)の映画 / アニメーション	あにめーしょん,えいが
skori	x1 は x2 (素材)の縄 / コード / ケーブル / ロープ / より糸	けーぶる,こーど,なわ,よりいと,ろーぷ
skoto	x1 は x2 (性質面)に関してスコットランド / ゲール系(言語 / 文化 / 民族)	げーる,すこっとらんど
skuro	x1 は x2 (物 / 表面)における溝 / 窪み / うね	かんぼつ,くぼ,みぞ
slabu	x1 は x2 (者)にとって x3 (性質)の点で x4 (観点)から判断してなじみがある	なじみ
slaka	x1 は x2 (言語)における音節	おんせつ
slami	x1 は x2 (成分)の酸; x1 は酸性	さん,さんせい
slanu	x1 は x2 (素材)の円柱(形状)	えんちゅう
slari	x1 は x2 (者)にとってすっぱい	さんみ,すっぱい
slasi	x1 は x2 (種類 / 成分)のプラスチック / ビニール / 合成樹脂	ぷらすちっく,ぽりまー
sligu	x1 は x2 (成分 / 物質)の x3 (条件)における固体	こたい
slilu	x1 は x2 (歩度)で x3 (集合)の間を振動する / 揺れ渡る	しんどう
sliri	x1 は硫黄(S)	いおう
slovo	x1 は x2 (性質面)に関してスラブ系(言語 / 文化 / 民族)	すらぶ
sluji	x1 は x2 (機能対象)・ x3 (本体)の筋肉	きんにく
sluni	x1 は x2 (種類)のネギ属(ネギ / タマネギ / シャロット)	ねぎ
smacu	x1 は x2 (種類)のハツカネズミ属(マウス等)	はつかねずみ,まうす
smadi	x1 は x2 (命題)を、 x3 (題目)について推測する	おくそく,おしはかる,すいそく,すいりょう
smaji	x1 は x2 (観察点)・ x3 (基準)において静か / 閑静 / 沈黙	かんせい,しずか,ちんもく
smani	x1 は x2 (種類)の霊長目動物 / サル(チンパンジー / オランウータン / ゴリラ / ヒヒ / ヒト / ボノボ等)	さる,れいちょうるい
smoka	x1 は x2 (素材)の靴下 / ストッキング / タイツ	くつした,すとっきんぐ,たいつ
smuci	x1 は x2 (用途)・ x3 (素材)のスプーン / さじ / ひしゃく	さじ,すぷーん,ひしゃく
smuni	x1 は x2 (文字列 / 記号 / 表現)の、 x3 (者)が認識する意味 / 解釈; x3 は x2 を x1 と解釈する	いみ,かいしゃく
snada	x1 (者)は x2 (成果)を x3 (努力 / 試み)によって達成する / 成功させる	せいこう,たっせい,とげる,はたす
snanu	x1 は x2 に対して x3 (照合枠)における南方 / 南側	なんぽう,みなみ,みなみがわ
snidu	x1 は x2 (数量)の、 x3 (基準)における秒	びょう
snime	x1 は雪 / 雪原	せつげん,ゆき
snipa	x1 は x2 にくっ付く / 貼り付いている; x1 は粘着性がある	くっつく,ねんちゃく,ふちゃく
snuji	x1 は x2 (中身)・ x3 (挟む物)のサンドイッチ	さんどいっち
snura	x1 は x2 (事 / 危険)にたいして安全	あんぜん
snuti	x1 (事 / 状態)は x2 (観点)にとって事故 / 偶然	ぐうぜん,じこ
sobde	x1 は x2 (品種)のダイズ粒	だいず
sodna	x1 は x2 (種類)のアルカリ金属(リチウム / ナトリウム / カリウム / ルビジウム / セシウム / フランシウム)	あるかりきんぞく
sodva	x1 は x2 (味 / 銘柄)の炭酸飲料 / ソーダ	そーだ,たんさんいんりょう
softo	x1 は x2 (性質面)に関してソビエト / USSR / CIS系(言語 / 文化 / 民族)	そびえと
solji	x1 は金物質(Au)	きん
solri	x1 は x2 (惑星)・ x3 (惑星に住む種族)の太陽	たいよう
sombo	x1 は x2 (植物 / 種)を x3 (所)に植える / 蒔く	うえる,さくつけ,はしゅ,まく
sonci	x1 は x2 (隊)の戦士 / 兵士 / 闘士	せんし,とうし,へいし
sorcu	x1 は x2 (資源 / エネルギー)の、 x3 (容器)による貯蔵 / 蓄積	たくわえ,ちくせき,ちょぞう
sorgu	x1 は x2 (品種)のモロコシ粒	もろこし
sovda	x1 は x2 (生体)の卵 / 卵子 / 花粉 / 配偶子	かふん,こだね,せいし,せいしょくし,せいしょくたい,せいちゅう,たまご,はいぐうし,らん,らんさいぼう,らんし
spaji	x1 (事)は x2 にとって驚き / 思いがけない / 不意	おどろき,きっきょう
spali	x1 は x2 (表面)を x3 (剤)で x4 (道具)で磨く	みがく
spano	x1 は x2 (性質面)に関してスペイン系(言語 / 文化 / 民族)	すぺいん
spati	x1 は x2 (種類)の植物(草木 / 葉 / 花); x1 は植物性	しょくぶつ
speni	x1 は x2 と結婚している / の配偶者、 x3 (法律 / 規則 / 慣習)のもと	けっこん,こんいん,はいぐう
spisa	x1 は x2 (本体)の欠片 / 破片 / 切抜き	かけら,きりぬき,はへん
spita	x1 は x2 (患者)・ x3 (病 / 疾患)のための病院; x2 は x3 のために x1 に入院する	びょういん
spofu	x1 は x2 (機能)に関して故障している / 使用不可能	こしょう
spoja	x1 は爆発 / 破裂して x2 (残骸)になる	はれつ,ばくはつ
spuda	x1 は x2 (者 / 物 / 事)に x3 (動作 / 発言)で返信する	へんしん
sputu	x1 は x2 を x3 から x4 に吐き飛ばす	はきだす,はきとばす
sraji	x1 は x2 (照合枠)において縦 / 垂直	すいちょく,たて
sraku	x1 (物)は x2 を掻く	かく
sralo	x1 は x2 (性質面)に関してオーストラリア系(言語 / 文化 / 民族 / 地理)	おーすとらりあ
srana	x1 は x2 に関連する / 関係がある	かんけい,かんれん
srasu	x1 は x2 (種類)の草 / 草原 / 原っぱ	くさ,そうほん
srera	x1 は x2 (事)に関して、 x3 (条件)・ x4 (基準)で誤る / 間違う	あやまる,ごびゅう,さくご,さくびゅう,まちがう
srito	x1 は x2 (性質面)に関してサンスクリット / ベーダ系(言語 / 文化 / 民族)	さんすくりっと,べーだ
sruma	x1 は x2 (命題)が x3 (題目)について本当であると仮定する / 想定する; x2 (命題)は x1 にとって暗黙の了解となっている	かてい,そうてい,みなす
sruri	x1 は x2 を x3 (方向 / 次元 / 面)に関して包囲する / 取り囲む	かこむ,ほうい
stace	x1 は x2 にたいして、 x3 (事柄)に関して正直 / 誠実 / 率直	しょうじき,せいじつ,そっちょく
stagi	x1 は可食部 x2 (部位)・植物 x2 の野菜	そさい,やさい
staku	x1 は x2 (製造者)・ x3 (成分)・ x4 (形状)の陶器	せらみっくす,とうき
stali	x1 は x2 (場 / 性質 / 状態)に留まる	ていりゅう,とどまる
stani	x1 は x2 (植物)の茎 / 幹	くき,みき
stapa	x1 は x2 を x3 で踏む	ふむ
stasu	x1 は x2 (食材)のスープ / シチュー / 煮物	しちゅー,すーぷ,にもの
stati	x1 には x2 (事 / 行為)の才能 / 素質がある	うまれつき,さいのう,ししつ,せいとくてき,せんてんてき,そしつ,てきせい,てんぴん,てんぶん,ひんせい,もちまえ
steba	x1 は x2 (事)について挫折 / ストレスを感じる	はがゆい,もどかしい
steci	x1 (性質)は x2 (個)の x3 (集合)における特質 / 個性; x2 (個)は x1 (性質)の点で x3 (集合)において特別 / 特有だ	かくべつ,こせい,とくい,とくしつ,とくしゅ,とくべつ,とくべつ,とくゆう,どくじ,どくとく
stedu	x1 は x2 (本体)の頭 / 頭部	あたま,かしら,こうべ,とうぶ
stela	x1 は x2 を x3 (仕組)で封じる錠 / ロック	じょう,ろっく
stero	x1 は x2 (数)・ x3 (基準)のステラジアン度	すてらじあん
stici	x1 は x2 に対して x3 (照合枠)における西方 / 西側	せいほう,にし,にしがわ
stidi	x1 は x2 (概念 / 行動)を x3 (者)に示唆 / 推奨 / 提案する; x1 (事)は x2 を x3 にたいして鼓舞する	しさ,すいしょう,ていあん
stika	x1 は x2 (性質 / 数量)を x3 (程度)ほど調整する	ちょうせい,ととのえる
stizu	x1 は椅子 / 腰掛 / ベンチ	いす,こしかけ,べんち
stodi	x1 は x2 (性質)の面で x3 (刺激 / 状況)にたいして不変 / 一定	いってい,ふへん
stuna	x1 は x2 に対して x3 (照合枠)における東方 / 東側	とうほう,ひがし,ひがしがわ
stura	x1 は x2 (集合 / 体系)の構造 / 配置 / 組織	きこう,こうせい,こうぞう,そしき,はいち
stuzi	x1 は x2 (物 / 事)の本質的 / 恒久的な場所 / 現場	げんば,ばしょ
sucta	x1 (概念)は x2 (具体的なもの)を x3 (原理)によって抽象化 / 概念化 / 一般化したもの	いっぱんか,ちゅうしょう
sudga	x1 は x2 (液体)を欠いて乾燥している / 乾いている	からから,かわく,かんそう
sufti	x1 は x2 (本体)のひづめ	ひづめ
suksa	x1 (事 / 状態)は x2 (時点)において x3 (性質)に関して突然 / 唐突 / 急 / いきなり	いきなり,きゅう,とうとつ,とつぜん,にわか
sumji	x1 は x2 ・ x3 の合計 / 総計	ごうけい,そうけい
sumne	x1 は x2 を嗅ぐ / 匂う	かぐ
sumti	x1 は x2 (述語 / 関数)の場所 x3 (種類 / 番号)を占める項	こう
sunga	x1 は x2 (種類)のニンニク	にんにく
sunla	x1 は x2 (動物種 / 原料)のウール / 羊毛	うーる,ようもう
surla	x1 は x2 (動作)に関してくつろぐ / リラックスする	きゅうそく,くつろぐ
sutra	x1 は x2 (動作 / 事)に関して速い / すばやい / 敏速 / 俊敏	しゅんびん,はやい,びんそく
tabno	x1 は炭素(C)	たんそ
tabra	x1 は金管楽器 / ホルン / トランペット / トロンボーン / 喇叭(ラッパ)	きんかんがっき,しんこうがっき
tadji	x1 (過程)は x2 (事)を x3 (状態条件)のもと遂行するための方式 / 方法 / 用法 / 手段 / マナー	しゅだん,ほうほう,ようほう
tadni	x1 は x2 を学ぶ / 研究する; x1 は学生 / 研究家 / 学者	けんきゅう,まなぶ
tagji	x1 は x2 (対象本体)の x3 (次元 / 方向)に対して x4 (対象部位)でぴったりはまっている	しまり
talsa	x1 (人)は x2 を x3 (性質)について挑む; x2 に x3 があるかどうかを x1 は試す	いどむ,ちょうせん
tamca	x1 は x2 (種類)のトマト	とまと
tamji	x1 は x2 (肢)・ x3 (本体)の親指	おやゆび
tamne	x1 は x2 の、 x3 (血縁)による従兄弟 / 従姉妹	いとこ
tanbo	x1 は x2 (素材)の板	いた
tance	x1 は x2 (本体)の舌	した,ぜつ
tanjo	x1 は x2 (角度 / 逆正接)のタンジェント / 正接	せいせつ,たんじぇんと
tanko	x1 は x2 (種類)のタバコ属植物 / 葉	たばこ
tanru	x1 は、 x2 が x3 を修飾し、 x4 を意味する、使用法 / 例文 x5 における複合語	ふくごうご
tansi	x1 は x2 (内容)・ x3 (素材)のたらい / 水ばち / 水盤 / 流し	すいばん,せんめんき,たらい,ふらいぱん
tanxe	x1 は x2 (内容)・ x3 (素材)の箱 / カートン	かーとん,はこ
tapla	x1 は x2 (素材)・ x3 (形状)・ x4 (厚さ)の瓦 / タイル	かわら,たいる
tarbi	x1 は x2 (母)・ x3 (父)による胎芽 / 胎児 / 胚芽 / 接合体	じゅせいらん,せつごうし,せつごうたい,たいじ,はい,はいが,たいが
tarci	x1 は x2 (特性)の星 / 恒星	こうせい,ほし
tarla	x1 は x2 (起源)のタール / アスファルト	あすふぁると,たーる
tarmi	x1 (観念 / 性質)は x2 の形状 / 形態 / 形式 / 仕様; x2 の形状 / 形態 / 形式 / 仕様は x1 (観念 / 性質)を具現している。	かたち,けいしき,けいじょう,しよう
tarti	x1 は x2 (事 / 性質)を x3 (条件)で振舞う	ふるまう
taske	x1 は(喉の)渇きを感じる; x1 は渇きで x2 を求める	かわく,こうかつ
tatpi	x1 は x2 (事)によって疲労 / 疲弊している / 疲れている	つかれ,ひへい,ひろう
tatru	x1 は x2 (本体)の乳房 / おっぱい	おっぱい,ちぶさ
tavla	x1 (者)は x2 (者)に x3 (題目)について x4 (言語)で話す / 語る	かたる,はなす
taxfu	x1 は x2 (身体部分 / 性別 / 種族)・ x3 (目的 / 機能)の衣服 / 服飾	いふく,ふくしょく
tcaci	x1 は x2 の、 x3 (条件)における習慣 / 慣習 / 風習 / 慣行 / 習性 / 性癖 / 慣わし	かんこう,かんしゅう,かんれい,くせ,しきたり,しゅうかん,しゅうせい,しゅうへき,せいへき,ぞくしゅう,ならい,ならわし,ふうしゅう
tcadu	x1 は x2 (地域)・ x3 (政体)・ x4 (ヒンターランド)の都市 / 都会 / みやこ / メトロポリス	とかい,とし,みやこ
tcana	x1 は x2 (交通 / コミュニケーション / 配給のネットワーク)の駅 / 局 / ノード	えき,つぼね,のーど
tcati	x1 は x2 (葉 / 原料)の茶 / 紅茶 / 緑茶	ちゃ
tcena	x1 は x2 (範囲)にわたり x3 (次元)において x4 (通常の範囲)から伸びる / 拡張する	かくちょう,のびる
tcica	x1 (事 / 経験)は x2 を欺いて / 騙して x3 (事 / 状態)をさせる; x2 は x1 に惑わされて x3 をする	あざむく,だます,まどわす
tcidu	x1 は x2 (文字列)を x3 (表面 / 書物)から読む	よむ
tcika	x1 (時 / 分 / 秒)は x2 (事)の、 x3 (日)・ x4 (所)における時刻	じこく
tcila	x1 は x2 の特徴 / 特性 / 特質	とくしつ,とくせい,とくちょう
tcima	x1 は x2 (所 / 地域)の気象 / 気候 / 天候 / 天気	きこう,きしょう,てんき,てんこう
tcini	x1 (状態 / 性質)は x2 の状況 / 境遇 / 事情	きょうぐう,じじょう,じょうきょう
tcita	x1 は x2 の x3 (情報)を表す札 / タグ	たぐ,ふだ
temci	x1 は x2 (時点)から x3 (時点)までの間隔 / 経過 / 時間	きかん,けいかじかん,じかんかんかく
tenfa	x1 は x2 (底)・ x3 (指数 / 累乗)の指数関数(の結果)	しすうかんすう
tengu	x1 (性質)は x2 の(視覚と触覚上の)質感 / 手ざわり / 舌ざわり	かんしょく,さわり,しつかん
terdi	x1 は x2 (生物種)の地球 / 主要惑星 / 母星	ちきゅう
terpa	x1 は x2 を恐れる / 怖がる / に怯える; x2 は x1 をぎょっとさせる / 脅す	おそれる,おびえる,きょうふ,こわがる
terto	x1 は x2 の、 x3 (性質)におけるテラ / 兆 [1 x1 0**12]	てら
tigni	x1 は x2 (演技)を x3 (者)のために演じる; x1 は役者 / 俳優	えんぎ,えんじる
tikpa	x1 は x2 (対象本体)・ x3 (対象箇所)を x4 で蹴る	ける
tilju	x1 は x2 (基準 / 観点)において重い	おもい,じゅうりょう
tinbe	x1 は x2 (命令 / 規則)・ x3 (発令者)に服従する / 従う / 従順	したがう,じゅうじゅん,ふくじゅう
tinci	x1 はスズ(Sn)	すず
tinsa	x1 は x2 (方向)・ x3 (力)にたいして x4 (条件)で固定 / 硬直している; x1 は x2 の向きに動かない	こうちょく,こてい,すえつけ
tirna	x1 は x2 (対象音声)を x3 (環境音声)にたいして聞く; x2 が x1 に聞こえる; x1 には聴覚がある; x2 は可聴音	きく
tirse	x1 は鉄(Fe)	てつ
tirxu	x1 は x2 (種類)・ x3 (模様 / 柄)のトラ / ヒョウ / ジャガー	じゃがー,とら,ひょう
tisna	x1 は x2 (内容)によって膨れる; x2 は x1 に注がれる	ふくれる,ぼうちょう
titla	x1 は x2 にとって甘い	あまい,あまみ
tivni	x1 は x2 (番組 / 放送内容)を x3 (媒体 / チャンネル)で x4 (受信機)にテレビ放送 / 映像通信する放送送信所 / 放送局	ほうそう
tixnu	x1 は x2 (親)の娘	むすめ
toknu	x1 は x2 を焼く / 熱する / 乾かすためのオーブン / かまど / 天火 / 乾燥機 / 炉	おーぶん,かまど,かんそうき,てんぴ,ろ
toldi	x1 は x2 (種類)のチョウ目(もく)昆虫	ちょう
tonga	x1 は x2 (音程)・ x3 (音源)の音 / トーン	おんちょう,とーん
tordu	x1 は x2 (方向)・ x3 (尺度)に関して短い	みじかい
torni	x1 は x2 (力 / 荷)によってねじれる / 歪む; x1 はねじれている / 歪んでいる	ねじれ,ゆがむ
traji	x1 は x2 (性質)・ x3 (極性)・ x4 (集合 / 範囲)に関して極致(最上 / 最下)	きょくち,きわまる
trano	x1 は窒素(N)	ちっそ
trati	x1 は x2 (方向)に張っている	はる
trene	x1 は車両 x2 (群れ)・線路網 / 軌道 x3 ・原動力 x4 の列車 / 鉄道 / 電車 / 汽車 / 地下鉄	きしゃ,ちかてつ,てつどう,でんしゃ,れっしゃ
tricu	x1 は x2 (種類)の木 / 樹木 / 立ち木	き,じゅもく,たちぎ,もくほん
trina	x1 は x2 を x3 (性質)で誘惑する; x1 は x2 にとって魅力的	ひきつける,みりょう,ゆうわく
trixe	x1 は x2 に対して x3 (照合枠)における後ろ / 後方 / 後側 / 裏側 / 背後 / リア	うしろ
troci	x1 は x2 (事 / 状態 / 性質)を x3 (手段 / 方法)で達成 / 獲得しようと努める / 努力する; x1 は x2 をやってみる	こころみる,つとめる,どりょく
tsali	x1 は x2 (性質)に関して x3 (観点)で強い	つよい
tsani	x1 は x2 (所)の空 / 天空	そら,てんくう
tsapi	x1 は x2 (性質)の調味料 / 香辛料 / 薬味 / 味付 / スパイス	あじつけ,こうしんりょう,すぱいす,ちょうみりょう,やくみ
tsiju	x1 は x2 (有機体)の x3 (子)になる種 / 種子 / 胞子 / 芽胞 / 生殖細胞	がほう,しゅし,せいしょくさいぼう,たね,ほうし
tsina	x1 は x2 (所)・ x3 (支持対象)・ x4 (素材)の壇 / ステージ	すてーじ,だん
tubnu	x1 は x2 (素材)・ x3 (内容)の管 / 筒 / パイプ / シリンダー / チューブ	くだ,しりんだー,ちゅーぶ,つつ,ぱいぷ
tugni	x1 (者)は x2 (者 / 観点 / 側)にたいし、 x3 (命題)・ x4 (題目)について賛成 / 賛同 / 同意する	さんせい,さんどう,どうい
tujli	x1 は x2 (種類)のチューリップ属植物	ちゅーりっぷ
tumla	x1 は x2 (位置)における陸 / 大地の広がり	りく
tunba	x1 は x2 の、 x3 (養育関係 / 血縁関係 / 類似関係)によって結ばれている兄弟姉妹 / 親戚 / 親族	きょうだいしまい,どうほう,はらから
tunka	x1 は銅(Cu)	どう
tunlo	x1 は飲み込む / 飲み下す	のみくだす,のみこむ
tunta	x1 (物)は x2 を刺す / 突く / 突き刺す / つつく; x2 は x1 に刺される	さす,しとつ,つく,つつく
tuple	x1 は x2 (本体)の脚	あし,きゃく
turni	x1 は x2 (民衆 / 領土 / 物)を統治 / 支配する / 治める; x1 は知事 / 支配者 / 君主	おさめる,しはい,とうち
tutci	x1 は x2 (目的)のための道具 / 用具 / 器具	きぐ,どうぐ,ようぐ
tutra	x1 は x2 に属する / 管轄されている領域 / 領土 / 空間	りょういき,りょうど
vacri	x1 は x2 (領域 / 惑星)・ x3 (成分)の空気 / 大気	くうき,たいき
vajni	x1 (物 / 事)は x2 (人 / 事)にとって、 x3 (性質 / 理由)に関して重要 / 大事	じゅうよう,だいじ
valsi	x1 は x2 (意味 / 効力)を有する、 x3 (言語)の言葉 / 語彙	ことば,ごい
vamji	x1 (数量 / 性質)は x2 (物 / 事)の、 x3 (観点)・ x4 (用途 / 査定)における価値; x2 は x3 にとって x1 の値打ちがある	かち,ねうち
vamtu	x1 は x2 を吐く / 嘔吐する / もどす	おうと,はく
vanbi	x1 (個 / 群)は x2 の環境 / 周囲 / 文脈 / 雰囲気	かんきょう,しゅうい,ふんいき,ぶんみゃく
vanci	x1 は x2 (日)・ x3 (所)の夕方 / 夕暮れ / 晩	ばん,ゆうがた,ゆうぐれ
vanju	x1 は x2 (果物成分)のワイン / 葡萄酒	ぶどうしゅ,わいん
vasru	x1 は x2 を内に含む / 包む; x1 は x2 の容器	ようき
vasxu	x1 は x2 (気体)を吸う / 吐く	こきゅう
vecnu	x1 (売り手)は x2 (品物やサービス)を x3 (買い手)に x4 の額 / 費用 / 出費で売る	うる,ばいきゃく
venfu	x1 は x2 (者)にたいし、 x3 (事)に関して x4 (行動)で復讐 / 報復 / あだ討ち / リベンジする	あだうち,しかえす,ふくしゅう,ほうふく,りべんじ
vensa	x1 は x2 (年)・ x3 (所)の春季	しゅんき,はる
verba	x1 は x2 (年齢)の、 x3 (観点)での子供	こども
vibna	x1 は x2 (本体)の膣	ちつ
vidni	x1 は機能 x2 の画面 / 映像モニター / スクリーン	がめん,すくりーん,もにたー
vidru	x1 は x2 (特性)の、 x3 (対象)に寄生しうる病原体 / ウィルス	ういるす
vifne	x1 は新鮮 / 新品状態	しんせん,しんぴん
vikmi	x1 は x2 (対象)を x3 (起源)から x4 (経路)で廃棄 / 排出 / 排泄する	はいしゅつ,はいせつ
viknu	x1 は x2 (条件)で粘性がある / ねばねばしている	ねばる,ねんせい
vimcu	x1 は x2 を x3 から、 x4 だけ残して除去 / 控除する / 差し引く	こうじょ,さしひく,じょきょ,のぞく
vindu	x1 は x2 にとって毒 / 中毒性がある	どく
vinji	x1 は x2 (荷 / 乗客)・ x3 (原動力)の飛行機 / 航空機 / 飛行船	こうくうき,ひこうき,ひこうせん
vipsi	x1 は x2 (性質)に関して x3 (者)の副官 / 補佐官 / 部下; x3 は x1 の上司	ふくかん,ぶか,ほさかん
virnu	x1 は x2 (事)に関して x3 (基準)で勇敢 / 勇ましい / 雄々しい / 英雄的	いさましい,ゆうかん
viska	x1 は x2 を x3 (状態条件)のもと視覚する; x1 には x2 が見える; x1 には視覚能力 / 光学的感知能力がある	しかく,みえる
vitci	x1 は x2 (性質 / 動作 / 状態)に関して不定 / 不規則的 / 断続的	かんけつ,だんぞく,ふきそく,ふてい,へんそく
vitke	x1 は x2 (者)・ x3 (所 / 事)の客; x1 は x2 ・ x3 を訪れる	きゃく
vitno	x1 は x2 (性質)において x3 の観点で永続的 / 恒久 / 不滅	えいぞく,こうきゅう,ふめつ
vlagi	x1 は x2 (本体)の外陰部	がいいんぶ
vlile	x1 (事 / 行為)は暴力 / 暴力的	ぼうりょく
vlina	x1 は x2 (命題)・ x3 (命題)の論理的選言(離接) / 選言的判断	せんげん
vlipa	x1 は x2 (事)を x3 (状態条件)のもとにもたらす力能を持つ; x1 は x2 に関して有力 / 有能	うでまえ,ぎりょう,しゅうわん,のうりょく,ゆうのう,ゆうりょく,りよくのう
vofli	x1 は x2 (原動力)で飛ぶ / 飛行する	とぶ,ひこう
voksa	x1 は x2 (本体)の声	こえ
vorme	x1 は x2 ・ x3 間の、 x4 (構造体)の扉 / 戸口 / 出入口 / 門戸 / ドア	かどぐち,でいりぐち,とぐち,もんこ
vraga	x1 は機能 x2 ・支点 x3 ・アーム x4 のてこ / レバー / バール	こうかん,てこ,ればー
vreji	x1 は x2 (情報 / 事実 / 命題)・ x3 (題目)・ x4 (保存媒体)の記録	きろく
vreta	x1 は x2 に寄り掛かる / もたれる / 横たわる	もたれる,よこたわる,よりかかる
vrici	x1 (集合 / 群 / 個)は x2 (性質)の点で種々雑多 / 様々 / 色とりどり	さまざま,ざった,たよたようう
vrude	x1 は x2 の観点で有徳 / 高潔 / 光栄	うとく,こうけつ,ゆうとく
vrusi	x1 (性質)は x2 が発する味; x2 には x1 の風味がある	あじ,あじわい,ふうみ
vukro	x1 は x2 (性質面)に関してウクライナ系(言語 / 文化 / 民族)	うくらいな
xabju	x1 は x2 (所)に住む / 暮らす / 棲息 / 生息する	くらす,すむ,せいそく
xadba	x1 は x2 の、 x3 (基準)での半分	はんぶん
xadni	x1 は x2 の肉体; x1 は身体的	にくたい
xagji	x1 は x2 に飢える; x1 は腹をすかしている / おなかがへっている; x1 は x2 (燃料 / 栄養)の補充を必要としている	うえる,くうふく
xagri	x1 は x2 (簧 / リード)の木管楽器 / 金管楽器 / オーボエ / クラリネット / サクソフォーン	こうがっき,りーどがっき
xajmi	x1 は x2 (観察者)にとって x3 (性質)の点で滑稽 / おどけている	おどける,こっけい
xaksu	x1 (事)は x2 (資源 / 材料)を費やす / 使い尽くす	ついやす,ひしょう
xalbo	x1 は x2 (事)に関して軽率 / 無思慮 / 浮ついている / 不真面目	あさあさしい,あさはか,うわつく,かるがるしい,けいそつ,けいはく,けいふ,せんぱく,せんりょ,ふまじめ,ぶしりょ,むしりょ
xalka	x1 は x2 (種類)・ x3 (起源 / 醸造方法)のアルコール	あるこーる
xalni	x1 (者)は x2 (事)に関して慌てる / 恐慌する / 狼狽する / パニック状態にある	あわてる,うろたえる,きょうこう,ぱにっく,ろうばい
xamgu	x1 は x2 にとって、 x3 (基準)で良い / 好ましい	このましい,よい
xampo	x1 は x2 (数)・ x3 (基準)のアンペア	あんぺあ
xamsi	x1 は x2 (領域 / 惑星)・ x3 (液体成分)の海 / 海洋	うみ,かいよう
xance	x1 は x2 (本体)の手	て
xanka	x1 は x2 について x3 の条件下で心配する / 不安	うれう,うれえる,きがかり,きんちょう,ふあん,ゆうりょ
xanri	x1 は x2 (者)による想像; x1 は架空 / 想像上のもの / 非現実	そうぞう,ひげんじつ
xanto	x1 は x2 (種類)のゾウ科動物	ぞう
xarci	x1 は x2 (対象)・ x3 (使用者)の武器 / 武具 / 兵器	ぶき,ぶぐ,へいき
xarju	x1 は x2 (種類)のイノシシ科動物(ブタ / イノシシ等)	いのしし,ぶた
xarnu	x1 は x2 (者 / 事)にたいし、 x3 (事 / 状態)について(意志的に)頑固 / 強情 / 片意地 / 不屈	かたいじ,がんこ,ごうじょう,ふくつ
xasli	x1 は x2 (種類)のロバ亜属動物	ろば
xasne	x1 は x2 (肉体)・ x3 (分泌器官)から出る汗	あせ
xatra	x1 は x2 (者)への x3 (者)からの x4 (内容)の手紙 / Eメール	てがみ,めーる
xatsi	x1 は x2 の、 x3 (性質)におけるアト / 百京分の一 [1 x1 0**-18]	あと
xazdo	x1 は x2 (性質面)に関してアジア系(言語 / 文化 / 民族 / 地理)	あじあ
xebni	x1 は x2 (物 / 者 / 事)を憎む; x1 は x2 にたいする怨恨を抱いている; x2 は憎らしい	えんこん,にくむ
xebro	x1 は x2 (性質面)に関してヘブライ / ユダヤ / イスラエル系(言語 / 文化 / 民族)	いすらえる,へぶらい,ゆだや
xecto	x1 は x2 の、 x3 (性質)におけるヘクト / 百 [1 x1 0**2]	へくと
xedja	x1 は x2 (本体)の顎	あご
xekri	x1 は黒色	くろ,こくしょく
xelso	x1 は x2 (性質面)に関してギリシャ / ヘレン系(言語 / 文化 / 民族)	ぎりしゃ,へれん
xendo	x1 (者)は x2 にたいして x3 (行為)で親切 / 優しい	しんせつ,やさしい
xenru	x1 は x2 (事)を後悔する; x1 は x2 を残念に思う	くやむ,こうかい
xexso	x1 は x2 の、 x3 (性質)におけるエクサ / 百京 [1 x1 0**18]	えくさ
xindo	x1 は x2 (性質面)に関してヒンディー / ヒンドゥー系(言語 / 文化 / 民族)	ひんでぃー,ひんどぅー
xinmo	x1 は x2 (色)・ x3 (筆記用具)のインク / 墨	いんく,すみ
xirma	x1 は x2 (種類)のウマ科動物	うま
xislu	x1 は x2 (装置 / 乗物)・ x3 (特性)の車輪	しゃりん
xispo	x1 は x2 (性質面)に関してラテンアメリカ / ヒスパニック系(言語 / 文化 / 民族)	ひすぱにっく,らてんあめりか
xlali	x1 は x2 にとって、 x3 (基準)で悪い / 粗末	うとましい,わるい
xlura	x1 (者)は x2 (対象)を x3 (行為 / 状態)へと x4 (作用 / 感化力)で影響して誘う; x4 を持つ x1 に x2 は感銘する	えいきょう,おびきだす,おびく,かんか,さそいこむ,そそのかす,そびく,ゆういん,ゆうち,ゆうわく
xotli	x1 は x2 (所)・ x3 (営業者)の旅館 / ホテル / 宿屋 / 宿泊所	しゅくはくじょ,ほてる,もーてる,やどや,りょかん
xrabo	x1 は x2 (性質面)に関してアラビア系(言語 / 文化 / 民族 / 地理)	あらびあ
xrani	x1 (事)は x2 (対象)に、 x3 (性質)に関して x4 (損傷 / ダメージ)を与える; x1 は x2 を傷つける / 傷める / 損害する	いためる,きしょう,きずつける,そこなう,そんがい,そんしょう
xriso	x1 は x2 (性質面)に関してキリスト教系	きりすときょう
xruba	x1 は x2 (種類)のタデ科植物(ソバ / ルバーブ)	たで
xruki	x1 は x2 (種類)のキジ科動物(キジ / シチメンチョウ / ライチョウ)	きじ
xrula	x1 は x2 (種類)の花	はな
xruti	x1 (者)は x2 (対象)を x3 に x4 から戻す / 返す; x2 は x3 に戻る / 帰る	かえす,かえる,もどす,もどる
xukmi	x1 は x2 (成分)・ x3 (純度)の化学製品 / 化学物質	かがくせいひん,かがくぶっしつ,やくひん
xunre	x1 は赤色 / クリムゾン	あか,あかいろ,くりむぞん,せきしょく
xurdo	x1 は x2 (性質面)に関してウルドゥー / インディック系(言語 / 文化 / 民族 / 地理)	いんでぃく,うるどぅー
xusra	x1 は x2 (命題)を事実的内容として断言 / 宣言する	せんげん,だんげん
xutla	x1 は滑らか / すべすべ / つるうるしている	すべすべ,つるつる,なめらか
zabna	x1 は x2 (性質)において、 x3 (基準)で好ましい / すぐれている / 実に見事だ / すばらしい / すてきだ / 一流だ / 傑出している / あっぱれだ / 見事だ / 称賛に値する / 立派だ / 望ましい / 楽しい / 感じのよい / 愛すべき / 精好だ / クールだ	けっしゅつ,このましい,しゅういつ,すてき,すばらしい,ぜつみょう,たくえつ,みごと,めざましい
zajba	x1 は x2 (形態 / 技術)の体操をする	たいそう
zalvi	x1 (表面 / 道具)は x2 を挽いて / すり潰して x3 (粉)にする	ひく
zanru	x1 は x2 (物 / 事)を容認 / 承認 / 是認する	しょうにん,ぜにん,みとめる,ようにん
zarci	x1 は x2 (取引品)・ x3 (営者)の店 / 市場	いちば,てんぽ,みせ
zargu	x1 は x2 (本体)の尻 / 臀部	しり,でんぶ
zasni	x1 は x2 (性質)に関して、 x3 (観点)にとって一時的 / 過渡的 / 可変	いちじてき,かとてき,かへん
zasti	x1 は x2 (観点)・ x3 (認識体系)において実在する	じつざい,そんざい
zbabu	x1 は x2 (起源)・ x3 (成分)の石鹸	せっけん
zbani	x1 は x2 (所)の沿岸 / 海岸 / 湖岸 / 入江 / 湾	きし,わん
zbasu	x1 は x2 を x3 (素材)から造る / 作る / 工作する	こうさく,つくる
zbepi	x1 は x2 (対象 / 事象)を支える、材質 / 性質 x3 の土台 / 基礎 / スタンド / 台座	いしずえ,きそ,すたんど,だいざ,どだい
zdani	x1 は x2 の(ための)巣 / 家 / ねぐら / アジト	あじと,いえ,す,ねぐら
zdile	x1 (事)は x2 にとって x3 (性質)についておもしろい / 愉しい; x2 は x1 を楽しむ	おもしろい,たのしい,ゆかい
zekri	x1 (事)は x2 (観点)にとって犯罪	はんざい
zenba	x1 は x2 (性質 / 数量)に関して x3 (度合)だけ増える	ぞうか,ふえる
zepti	x1 は x2 の、 x3 (性質)におけるゼプト / 十垓分の一 [1 x1 0**-21]	ぜぷと
zetro	x1 は x2 の、 x3 (性質)におけるゼタ / 十垓 [1 x1 0**21]	ぜた
zgana	x1 は x2 (対象)を x3 (方法)・ x4 (条件)で観察 / 観賞 / 鑑賞する	かんさつ,かんしょう,みる
zgike	x1 は x2 に演奏 / 制作される音楽	おんがく
zifre	x1 は自由である、 x2 (事 / 状態)になることにおいて、 x3 という条件で	じゆう
zinki	x1 は亜鉛(Zn)	あえん
zirpu	x1 は紫色 / パープル	ししょく,ぱーぷる,むらさき,むらさきいろ
zivle	x1 (者)は x2 (資源)を x3 (宛先)に、 x4 (収益)を期待して投資する	とうし,とうずる
zmadu	x1 は x2 よりも、 x3 (性質 / 数量)の点で、 x4 (度合)ほど優る / x3 が x1 には x2 よりももっとある	おおい,すぐれる,まさる
zmiku	x1 は x2 (機能)に関して x3 (条件)で自動	じどう
zukte	x1 は x2 (行動内容)を x3 (目的 / 目標)のために行為 / 実行する	こうい,じっこう
zumri	x1 は x2 (品種)のトウモロコシ粒	とうもろこし
zungi	x1 は x2 (事)について良心の呵責 / 罪悪を感じる	うしろめたい,ざいあくかん,やましい
zunle	x1 は x2 に対して x3 (照合枠)における左方 / 左側	さほう,ひだり,ひだりがわ
zunti	x1 (事)は x2 (事)に、 x3 (性質)に関して干渉する / わりこむ	かんしょう,わりこむ
zutse	x1 は x2 (表面)に座る / 着席する	すわる,ちゃくい,ちゃくざ,ちゃくせき
zvati	x1 (物 / 事)が x2 (事 / 所)に居る / 在る	ある,いち,いる
